2012,2012,2012,2012,2012,2012,2012,2012,2012,2012,2012,2012,2013,2013,2013,2013,2013,2013,2013,2013,2013,2013,2013,2013,2014,2014,2014,2014,2014,2014,2014,2014,2014,2014,2014,2014,2015,2015,2015,2015,2015,2015,2015,2015,2015,2015,2015,2015
1,2,3,4,5,6,7,8,9,10,11,12,1,2,3,4,5,6,7,8,9,10,11,12,1,2,3,4,5,6,7,8,9,10,11,12,1,2,3,4,5,6,7,8,9,10,11,12
1,1,1,1,1,1,1,1,1,1,1,1,1,1,1,1,1,1,1,1,1,1,1,1,1,1,1,1,1,1,1,1,1,1,1,1,1,1,1,1,1,1,1,1,1,1,1,1
16,22,21,18,29,28,37,33,35,22,12,11,7,2,8,20,22,33,29,28,34,29,23,9,9,12,8,19,25,25,34,27,35,25,12,21,8,7,1,16,18,33,31,33,35,17,18,9
3,9,8,8,16,18,25,23,23,12,6,3,3,-6,3,5,10,22,23,21,22,15,16,-1,-1,-2,-5,7,14,15,24,20,24,19,9,8,-3,-3,-4,4,12,22,21,23,22,14,12,7
10,16,14,13,22,23,31,28,29,17,9,7,5,-2,6,12,16,28,26,24,28,22,20,4,4,5,2,13,20,20,29,24,30,22,10,14,2,2,-2,10,15,28,26,28,28,16,15,8
6,7,10,16,22,27,31,31,29,23,17,11,6,7,10,16,22,27,31,31,29,23,17,11,6,7,10,16,22,27,31,31,29,23,17,11,6,7,10,16,22,27,31,31,29,23,17,11
-1,-2,1,6,11,17,21,22,20,13,7,2,-1,-2,1,6,11,17,21,22,20,13,7,2,-1,-2,1,6,11,17,21,22,20,13,7,2,-1,-2,1,6,11,17,21,22,20,13,7,2
2,3,6,11,16,22,26,26,24,18,12,7,2,3,6,11,16,22,26,26,24,18,12,7,2,3,6,11,16,22,26,26,24,18,12,7,2,3,6,11,16,22,26,26,24,18,12,7
8,13,8,2,6,1,5,2,5,-1,-3,0,3,-5,0,1,0,6,0,-2,4,4,8,-3,2,2,-4,2,4,-2,3,-2,6,4,-2,7,0,-1,-8,-1,-1,6,0,2,4,-2,3,1
21,25,27,31,34,37,39,38,37,34,30,24,21,25,27,31,34,37,39,38,37,34,30,24,21,25,27,31,34,37,39,38,37,34,30,24,21,25,27,31,34,37,39,38,37,34,30,24
2005*,2002*,1976*,1978*,1942*,2011*,1901*,2011*,1980*,1927*,1974*,2006*,2005*,2002*,1976*,1978*,1942*,2011*,1901*,2011*,1980*,1927*,1974*,2006*,2005*,2002*,1976*,1978*,1942*,2011*,1901*,2011*,1980*,1927*,1974*,2006*,2005*,2002*,1976*,1978*,1942*,2011*,1901*,2011*,1980*,1927*,1974*,2006*
-26,-14,-11,-9,1,7,12,12,10,2,-3,-10,-26,-14,-11,-9,1,7,12,12,10,2,-3,-10,-26,-14,-11,-9,1,7,12,12,10,2,-3,-10,-26,-14,-11,-9,1,7,12,12,10,2,-3,-10
1881*,1935*,1884*,1923*,1876*,1938*,1988*,1895*,1890*,1899*,1893*,1936*,1881*,1935*,1884*,1923*,1876*,1938*,1988*,1895*,1890*,1899*,1893*,1936*,1881*,1935*,1884*,1923*,1876*,1938*,1988*,1895*,1890*,1899*,1893*,1936*,1881*,1935*,1884*,1923*,1876*,1938*,1988*,1895*,1890*,1899*,1893*,1936*
0,0.05,0.13,0.18,0.38,3.1,0,0,4.17,0,0,0,0,0.03,0,0,0,0,1.52,1.04,0.03,0,0.36,0,0,0,0,0,0.41,0,0,0.28,0.05,0.13,0,0.61,0,0.1,1.3,0,0.28,6.32,3.3,0,0,1.98,0.1,2.16
0,0,0,0,0,0,0,0,0,0,0,0,0,5.1,0,0,0,0,0,0,0,0,0,0,0,0,0,0,0,0,0,0,0,0,0,0,0,0,3,0,0,0,0,0,0,0,0,0
0,0,0,0,0,0,0,0,0,0,0,0,0,0,0,0,0,0,0,0,0,0,0,0,0,0,0,0,0,0,0,0,0,0,0,0,0,0,0,0,0,0,0,0,0,0,0,0
8,2,4,5,0,0,0,0,0,1,9,11,13,20,12,6,2,0,0,0,0,0,0,14,14,13,16,5,0,0,0,0,0,0,8,4,16,16,20,8,3,0,0,0,0,2,3,10
0,0,0,0,4,5,13,10,11,0,0,0,0,0,0,0,0,10,8,6,10,4,2,0,0,0,0,0,2,2,11,6,12,4,0,0,0,0,0,0,0,10,8,10,10,0,0,0
2,2,2,2,2,2,2,2,2,2,2,2,2,2,2,2,2,2,2,2,2,2,2,2,2,2,2,2,2,2,2,2,2,2,2,2,2,2,2,2,2,2,2,2,2,2,2,2
9,14,13,17,23,24,35,36,29,22,13,14,4,1,4,11,20,30,29,31,33,31,22,10,4,18,12,21,22,28,37,29,35,26,12,8,9,10,8,23,26,22,25,33,34,14,19,15
0,6,4,8,14,16,26,24,23,18,5,3,-1,-8,0,4,9,22,23,22,23,17,11,5,1,1,2,7,13,14,25,20,25,17,7,3,2,-3,1,6,11,16,21,23,24,10,11,9
4,10,8,12,18,20,30,30,26,20,9,8,2,-4,2,8,14,26,26,26,28,24,16,8,2,10,7,14,18,21,31,24,30,22,10,6,6,4,4,14,18,19,23,28,29,12,15,12
6,7,11,17,22,27,31,31,29,23,17,11,6,7,11,17,22,27,31,31,29,23,17,11,6,7,11,17,22,27,31,31,29,23,17,11,6,7,11,17,22,27,31,31,29,23,17,11
-2,-2,1,6,11,17,21,22,19,13,7,2,-2,-2,1,6,11,17,21,22,19,13,7,2,-2,-2,1,6,11,17,21,22,19,13,7,2,-2,-2,1,6,11,17,21,22,19,13,7,2
2,3,6,11,17,22,26,26,24,18,12,7,2,3,6,11,17,22,26,26,24,18,12,7,2,3,6,11,17,22,26,26,24,18,12,7,2,3,6,11,17,22,26,26,24,18,12,7
2,7,2,1,1,-2,4,4,2,2,-3,1,0,-7,-4,-3,-3,4,0,0,4,6,4,1,0,7,1,3,1,-1,5,-2,6,4,-2,-1,4,1,-2,3,1,-3,-3,2,5,-6,3,5
22,22,25,32,32,36,38,38,38,32,29,23,22,22,25,32,32,36,38,38,38,32,29,23,22,22,25,32,32,36,38,38,38,32,29,23,22,22,25,32,32,36,38,38,38,32,29,23
1876*,1990*,1972*,1963*,1930*,1925*,1898*,2006*,1980*,1986*,1971*,1970*,1876*,1990*,1972*,1963*,1930*,1925*,1898*,2006*,1980*,1986*,1971*,1970*,1876*,1990*,1972*,1963*,1930*,1925*,1898*,2006*,1980*,1986*,1971*,1970*,1876*,1990*,1972*,1963*,1930*,1925*,1898*,2006*,1980*,1986*,1971*,1970*
-18,-17,-11,-5,2,6,13,13,10,1,-2,-9,-18,-17,-11,-5,2,6,13,13,10,1,-2,-9,-18,-17,-11,-5,2,6,13,13,10,1,-2,-9,-18,-17,-11,-5,2,6,13,13,10,1,-2,-9
1899*,1904*,1925*,1907*,1945*,1897*,1940*,1895*,1895*,1899*,1923*,1886*,1899*,1904*,1925*,1907*,1945*,1897*,1940*,1895*,1895*,1899*,1923*,1886*,1899*,1904*,1925*,1907*,1945*,1897*,1940*,1895*,1895*,1899*,1923*,1886*,1899*,1904*,1925*,1907*,1945*,1897*,1940*,1895*,1895*,1899*,1923*,1886*
0,0.23,0.86,0.2,0.05,0,0,0,0.13,1.09,0,0.05,0,0.05,0,0,0,0.3,0.43,0,0.28,0,0,0,0.86,0,0.58,0,0,0,0.1,0.15,0.2,0,0,1.45,0,0.23,0,0,0,1.17,0.05,0,0,2.44,0,0.56
0,0,0,0,0,0,0,0,0,0,0,0,0,5.1,0,0,0,0,0,0,0,0,0,0,48,0,0,0,0,0,0,0,0,0,0,0,0,0,0,0,0,0,0,0,0,0,0,0
0,0,0,0,0,0,0,0,0,0,0,0,0,0,0,0,0,0,0,0,0,0,0,0,0,0,0,0,0,0,0,0,0,0,0,0,0,0,0,0,0,0,0,0,0,0,0,0
14,8,10,6,0,0,0,0,0,0,9,10,16,22,16,10,4,0,0,0,0,0,2,10,16,8,11,4,0,0,0,0,0,0,8,12,12,14,14,4,0,0,0,0,0,6,3,6
0,0,0,0,0,2,12,12,8,2,0,0,0,0,0,0,0,8,8,8,10,6,0,0,0,0,0,0,0,3,13,6,12,4,0,0,0,0,0,0,0,1,5,10,11,0,0,0
3,3,3,3,3,3,3,3,3,3,3,3,3,3,3,3,3,3,3,3,3,3,3,3,3,3,3,3,3,3,3,3,3,3,3,3,3,3,3,3,3,3,3,3,3,3,3,3
1,11,17,23,27,27,37,36,29,28,10,22,3,2,7,12,20,28,31,28,31,30,15,13,1,10,3,21,23,30,33,29,32,23,19,13,6,4,5,23,29,18,28,34,36,14,22,12
-6,3,9,6,13,14,24,24,24,21,5,7,-1,-3,-1,1,9,21,23,21,21,18,7,5,-8,1,-8,12,14,19,24,21,25,18,7,4,1,-4,-1,16,13,15,19,22,23,10,8,6
-2,7,13,14,20,20,30,30,26,24,8,14,1,0,3,6,14,24,27,24,26,24,11,9,-4,6,-2,16,18,24,28,25,28,20,13,8,4,0,2,20,21,16,24,28,30,12,15,9
6,7,11,17,22,27,31,31,29,23,17,10,6,7,11,17,22,27,31,31,29,23,17,10,6,7,11,17,22,27,31,31,29,23,17,10,6,7,11,17,22,27,31,31,29,23,17,10
-2,-2,1,6,11,17,21,22,19,13,7,2,-2,-2,1,6,11,17,21,22,19,13,7,2,-2,-2,1,6,11,17,21,22,19,13,7,2,-2,-2,1,6,11,17,21,22,19,13,7,2
2,3,6,12,17,22,26,26,24,18,12,6,2,3,6,12,17,22,26,26,24,18,12,6,2,3,6,12,17,22,26,26,24,18,12,6,2,3,6,12,17,22,26,26,24,18,12,6
-4,4,7,2,3,-2,4,4,2,6,-4,8,-1,-3,-3,-6,-3,2,1,-2,2,6,-1,3,-6,3,-8,4,1,2,2,-1,4,2,1,2,2,-3,-4,8,4,-6,-2,2,6,-6,3,3
20,18,26,31,33,37,38,38,37,33,27,22,20,18,26,31,33,37,38,38,37,33,27,22,20,18,26,31,33,37,38,38,37,33,27,22,20,18,26,31,33,37,38,38,37,33,27,22
2004*,1927*,1923*,1963*,1965*,1925*,1966*,2006*,1953*,1879*,1974*,2012*,2004*,1927*,1923*,1963*,1965*,1925*,1966*,2006*,1953*,1879*,1974*,2012*,2004*,1927*,1923*,1963*,1965*,1925*,1966*,2006*,1953*,1879*,1974*,2012*,2004*,1927*,1923*,1963*,1965*,1925*,1966*,2006*,1953*,1879*,1974*,2012*
-21,-18,-12,-3,2,7,12,13,9,2,-2,-9,-21,-18,-12,-3,2,7,12,13,9,2,-2,-9,-21,-18,-12,-3,2,7,12,13,9,2,-2,-9,-21,-18,-12,-3,2,7,12,13,9,2,-2,-9
1877*,1895*,1925*,1906*,1909*,1910*,1918*,1920*,1909*,1899*,1917*,1976*,1877*,1895*,1925*,1906*,1909*,1910*,1918*,1920*,1909*,1899*,1917*,1976*,1877*,1895*,1925*,1906*,1909*,1910*,1918*,1920*,1909*,1899*,1917*,1976*,1877*,1895*,1925*,1906*,1909*,1910*,1918*,1920*,1909*,1899*,1917*,1976*
0,0,0.41,0,0,0,0.05,0,0,0,0,0,0,0,0,0,0,1.07,0.38,0.08,0,0,0,0,0,3.76,1.4,0,0,0.03,0.91,1.14,0,0.23,0,0.13,1.27,0,0.1,0.48,0,0.03,0.08,0,0,0.48,0,0
0,0,0,0,0,0,0,0,0,0,0,0,0,0,0,0,0,0,0,0,0,0,0,0,0,0,97,0,0,0,0,0,0,0,0,0,0,0,0,0,0,0,0,0,0,0,0,0
0,0,0,0,0,0,0,0,0,0,0,0,0,0,0,0,0,0,0,0,0,0,0,0,51,0,25,0,0,0,0,0,0,0,0,0,0,0,0,0,0,0,0,0,0,0,0,0
20,11,5,4,0,0,0,0,0,0,10,4,17,18,15,12,4,0,0,0,0,0,7,9,22,12,20,2,0,0,0,0,0,0,5,10,14,18,16,0,0,2,0,0,0,6,3,9
0,0,0,0,2,2,12,12,8,6,0,0,0,0,0,0,0,6,9,6,8,6,0,0,0,0,0,0,0,6,10,7,10,2,0,0,0,0,0,2,3,0,6,10,12,0,0,0
4,4,4,4,4,4,4,4,4,4,4,4,4,4,4,4,4,4,4,4,4,4,4,4,4,4,4,4,4,4,4,4,4,4,4,4,4,4,4,4,4,4,4,4,4,4,4,4
2,8,11,24,29,24,37,36,32,27,12,22,8,3,8,10,21,26,32,28,29,32,9,14,1,4,1,17,27,32,28,32,33,22,21,8,19,13,11,20,29,18,29,36,33,15,24,12
-8,2,3,12,18,17,24,26,24,19,3,9,-3,-3,-1,-1,10,17,24,20,18,19,2,4,-8,-1,-10,10,13,21,20,21,23,10,8,3,6,-2,4,7,13,15,22,24,24,12,9,2
-3,5,7,18,24,20,30,31,28,23,8,16,2,0,4,4,16,22,28,24,24,26,6,9,-4,2,-4,14,20,26,24,26,28,16,14,6,12,6,8,14,21,16,26,30,28,14,16,7
6,7,11,17,22,27,31,31,29,22,17,10,6,7,11,17,22,27,31,31,29,22,17,10,6,7,11,17,22,27,31,31,29,22,17,10,6,7,11,17,22,27,31,31,29,22,17,10
-2,-1,1,6,12,17,21,22,19,13,7,2,-2,-1,1,6,12,17,21,22,19,13,7,2,-2,-1,1,6,12,17,21,22,19,13,7,2,-2,-1,1,6,12,17,21,22,19,13,7,2
2,3,6,12,17,22,26,26,24,18,12,6,2,3,6,12,17,22,26,26,24,18,12,6,2,3,6,12,17,22,26,26,24,18,12,6,2,3,6,12,17,22,26,26,24,18,12,6
-5,2,1,6,7,-2,4,5,4,5,-4,10,0,-3,-2,-8,-1,0,2,-2,0,8,-6,3,-6,-1,-10,2,3,4,-2,0,4,-2,2,0,10,3,2,2,4,-6,0,4,4,-4,4,1
23,21,28,29,34,37,38,39,35,34,29,24,23,21,28,29,34,37,38,39,35,34,29,24,23,21,28,29,34,37,38,39,35,34,29,24,23,21,28,29,34,37,38,39,35,34,29,24
1997*,1990*,1983*,2011*,1928*,1925*,1919*,1930*,2008*,1954*,1974*,1998*,1997*,1990*,1983*,2011*,1928*,1925*,1919*,1930*,2008*,1954*,1974*,1998*,1997*,1990*,1983*,2011*,1928*,1925*,1919*,1930*,2008*,1954*,1974*,1998*,1997*,1990*,1983*,2011*,1928*,1925*,1919*,1930*,2008*,1954*,1974*,1998*
-19,-17,-16,-3,4,8,11,12,9,1,-3,-9,-19,-17,-16,-3,4,8,11,12,9,1,-3,-9,-19,-17,-16,-3,4,8,11,12,9,1,-3,-9,-19,-17,-16,-3,4,8,11,12,9,1,-3,-9
1877*,1898*,1873*,1899*,1986*,1929*,1933*,1912*,1908*,1974*,1879*,1896*,1877*,1898*,1873*,1899*,1986*,1929*,1933*,1912*,1908*,1974*,1879*,1896*,1877*,1898*,1873*,1899*,1986*,1929*,1933*,1912*,1908*,1974*,1879*,1896*,1877*,1898*,1873*,1899*,1986*,1929*,1933*,1912*,1908*,1974*,1879*,1896*
0,0.2,0,0,0.3,0,0,0,0,0.03,0,0,0,0,0,0.41,0,0,0,0,0,0,0,0,0,0.13,0,0.15,0,1.04,0.41,0,0,0.08,0,0,0.51,0,0.86,0.13,0,0.94,2.16,0.1,0,0,0.05,0
0,0,0,0,0,0,0,0,0,0,0,0,0,0,0,0,0,0,0,0,0,0,0,0,0,0,0,0,0,0,0,0,0,0,0,0,0,0,0,0,0,0,0,0,0,0,0,0
0,0,0,0,0,0,0,0,0,0,0,0,0,0,0,0,0,0,0,0,0,0,0,0,51,0,102,0,0,0,0,0,0,0,0,0,0,0,0,0,0,0,0,0,0,0,0,0
21,13,11,0,0,0,0,0,0,0,10,2,16,18,14,14,2,0,0,0,0,0,12,9,22,16,22,4,0,0,0,0,0,2,4,12,6,12,10,4,0,2,0,0,0,4,2,11
0,0,0,0,6,2,12,13,10,5,0,0,0,0,0,0,0,4,10,6,6,8,0,0,0,0,0,0,2,8,6,8,10,0,0,0,0,0,0,0,3,0,8,12,10,0,0,0
5,5,5,5,5,5,5,5,5,5,5,5,5,5,5,5,5,5,5,5,5,5,5,5,5,5,5,5,5,5,5,5,5,5,5,5,5,5,5,5,5,5,5,5,5,5,5,5
10,7,8,17,28,22,38,37,32,28,10,17,8,6,12,19,18,27,32,28,31,32,15,21,6,7,8,16,19,28,30,33,34,18,20,7,11,7,7,21,30,24,31,34,30,21,22,12
-1,2,0,8,18,14,27,26,26,16,3,4,-1,1,0,4,8,15,24,17,19,21,4,9,-1,1,-4,8,10,19,18,21,24,7,12,6,-2,-6,-5,4,18,16,22,24,23,11,14,1
4,4,4,12,23,18,32,32,29,22,6,10,4,4,6,12,13,21,28,22,25,26,10,15,2,4,2,12,14,24,24,27,29,12,16,6,4,0,1,12,24,20,26,29,26,16,18,6
6,7,11,17,22,27,31,31,28,22,17,10,6,7,11,17,22,27,31,31,28,22,17,10,6,7,11,17,22,27,31,31,28,22,17,10,6,7,11,17,22,27,31,31,28,22,17,10
-2,-1,1,7,12,17,22,22,19,13,7,2,-2,-1,1,7,12,17,22,22,19,13,7,2,-2,-1,1,7,12,17,22,22,19,13,7,2,-2,-1,1,7,12,17,22,22,19,13,7,2
2,3,6,12,17,22,26,26,24,17,12,6,2,3,6,12,17,22,26,26,24,17,12,6,2,3,6,12,17,22,26,26,24,17,12,6,2,3,6,12,17,22,26,26,24,17,12,6
2,1,-2,0,6,-4,6,6,5,5,-6,4,2,1,0,0,-4,-1,2,-4,1,9,-2,9,0,1,-4,0,-3,2,-2,1,5,-5,4,0,2,-3,-5,0,7,-2,0,3,2,-1,6,0
22,21,28,30,34,38,39,39,36,36,27,24,22,21,28,30,34,38,39,39,36,36,27,24,22,21,28,30,34,38,39,39,36,36,27,24,22,21,28,30,34,38,39,39,36,36,27,24
1997*,1991*,1976*,1910*,1928*,1925*,1999*,1930*,1881*,1941*,2003*,2001*,1997*,1991*,1976*,1910*,1928*,1925*,1999*,1930*,1881*,1941*,2003*,2001*,1997*,1991*,1976*,1910*,1928*,1925*,1999*,1930*,1881*,1941*,2003*,2001*,1997*,1991*,1976*,1910*,1928*,1925*,1999*,1930*,1881*,1941*,2003*,2001*
-19,-23,-14,-4,4,9,12,12,10,3,-7,-10,-19,-23,-14,-4,4,9,12,12,10,3,-7,-10,-19,-23,-14,-4,4,9,12,12,10,3,-7,-10,-19,-23,-14,-4,4,9,12,12,10,3,-7,-10
1877*,1996*,1872*,1881*,1926*,1926*,1909*,1912*,1902*,1935*,1879*,1886*,1877*,1996*,1872*,1881*,1926*,1926*,1909*,1912*,1902*,1935*,1879*,1886*,1877*,1996*,1872*,1881*,1926*,1926*,1909*,1912*,1902*,1935*,1879*,1886*,1877*,1996*,1872*,1881*,1926*,1926*,1909*,1912*,1902*,1935*,1879*,1886*
0,0,0,0,0,0,0,0.08,0.05,0,0,0,0.03,0,0,0.3,0,0,0,0,0,0,0,0,0.28,0.84,0,0,0.97,0.03,0,0.97,0,0,0.03,0.03,0,0,2.21,0,0.13,0.08,0,0,0,0,0.38,0
0,0,0,0,0,0,0,0,0,0,0,0,0,0,0,0,0,0,0,0,0,0,0,0,0,0,0,0,0,0,0,0,0,0,0,0,0,0,121.9,0,0,0,0,0,0,0,0,0
0,0,0,0,0,0,0,0,0,0,0,0,0,0,0,0,0,0,0,0,0,0,0,0,25,0,51,0,0,0,0,0,0,0,0,0,0,0,0,0,0,0,0,0,0,0,0,0
14,14,14,6,0,0,0,0,0,0,12,8,14,14,12,6,5,0,0,0,0,0,8,3,16,14,16,6,4,0,0,0,0,6,2,12,14,18,17,6,0,0,0,0,0,2,0,12
0,0,0,0,5,0,14,14,11,4,0,0,0,0,0,0,0,3,10,4,7,8,0,0,0,0,0,0,0,6,6,9,11,0,0,0,0,0,0,0,6,2,8,11,8,0,0,0
6,6,6,6,6,6,6,6,6,6,6,6,6,6,6,6,6,6,6,6,6,6,6,6,6,6,6,6,6,6,6,6,6,6,6,6,6,6,6,6,6,6,6,6,6,6,6,6
17,11,9,17,22,24,38,34,29,27,9,7,11,9,5,15,18,24,33,23,26,33,20,18,9,3,2,17,23,27,32,29,35,25,18,12,0,3,-1,25,28,29,32,29,31,25,27,11
1,-2,-2,6,16,14,27,26,23,12,1,2,1,1,1,4,11,18,25,21,16,21,12,5,-12,-1,-3,4,12,17,18,21,24,9,13,7,-4,-8,-9,9,18,18,24,24,20,10,16,1
9,4,4,12,19,19,32,30,26,20,5,4,6,5,3,10,14,21,29,22,21,27,16,12,-2,1,0,10,18,22,25,25,30,17,16,10,-2,-2,-5,17,23,24,28,26,26,18,22,6
6,7,11,17,23,28,31,31,28,22,16,10,6,7,11,17,23,28,31,31,28,22,16,10,6,7,11,17,23,28,31,31,28,22,16,10,6,7,11,17,23,28,31,31,28,22,16,10
-2,-1,2,7,12,18,22,22,19,12,7,2,-2,-1,2,7,12,18,22,22,19,12,7,2,-2,-1,2,7,12,18,22,22,19,12,7,2,-2,-1,2,7,12,18,22,22,19,12,7,2
2,3,6,12,17,22,26,26,24,17,12,6,2,3,6,12,17,22,26,26,24,17,12,6,2,3,6,12,17,22,26,26,24,17,12,6,2,3,6,12,17,22,26,26,24,17,12,6
7,1,-2,0,2,-3,6,4,2,3,-7,-2,4,2,-3,-2,-3,-1,3,-4,-3,10,4,6,-4,-2,-6,-2,1,0,-1,-1,6,0,4,4,-4,-5,-11,5,6,2,2,0,2,1,10,0
23,23,27,33,34,36,39,41,37,34,27,26,23,23,27,33,34,36,39,41,37,34,27,26,23,23,27,33,34,36,39,41,37,34,27,26,23,23,27,33,34,36,39,41,37,34,27,26
2007*,2008*,1961*,1929*,1950*,1925*,1999*,1918*,1954*,1941*,2015*,1998*,2007*,2008*,1961*,1929*,1950*,1925*,1999*,1918*,1954*,1941*,2015*,1998*,2007*,2008*,1961*,1929*,1950*,1925*,1999*,1918*,1954*,1941*,2015*,1998*,2007*,2008*,1961*,1929*,1950*,1925*,1999*,1918*,1954*,1941*,2015*,1998*
-17,-17,-12,-3,3,8,14,12,8,2,-3,-12,-17,-17,-12,-3,3,8,14,12,8,2,-3,-12,-17,-17,-12,-3,3,8,14,12,8,2,-3,-12,-17,-17,-12,-3,3,8,14,12,8,2,-3,-12
1884*,1895*,1888*,1898*,1911*,1894*,1979*,1912*,1909*,1881*,1967*,1893*,1884*,1895*,1888*,1898*,1911*,1894*,1979*,1912*,1909*,1881*,1967*,1893*,1884*,1895*,1888*,1898*,1911*,1894*,1979*,1912*,1909*,1881*,1967*,1893*,1884*,1895*,1888*,1898*,1911*,1894*,1979*,1912*,1909*,1881*,1967*,1893*
0,0,0,0,0,0.08,0,0.05,0.61,0,0,0,0,0,2.62,0,0,2.16,0,0.18,0,0,0,1.6,0.33,0,0,0,0,0,0,0,0.25,0,1.3,1.22,0.51,0,0,0,0,0,0.05,0,0,0,0,0
0,0,0,0,0,0,0,0,0,0,0,0,0,0,5.1,0,0,0,0,0,0,0,0,0,0,0,0,0,0,0,0,0,0,0,0,0,61,0,0,0,0,0,0,0,0,0,0,0
0,0,0,0,0,0,0,0,0,0,0,0,0,0,0,0,0,0,0,0,0,0,0,0,0,0,0,0,0,0,0,0,0,0,0,0,25,0,127,0,0,0,0,0,0,0,0,0
9,14,14,6,0,0,0,0,0,0,13,14,12,13,15,8,4,0,0,0,0,0,2,6,20,17,18,8,0,0,0,0,0,1,2,8,20,20,23,1,0,0,0,0,0,0,0,12
0,0,0,0,1,1,14,12,8,2,0,0,0,0,0,0,0,3,11,4,3,9,0,0,0,0,0,0,0,4,7,7,12,0,0,0,0,0,0,0,5,6,10,8,8,0,4,0
7,7,7,7,7,7,7,7,7,7,7,7,7,7,7,7,7,7,7,7,7,7,7,7,7,7,7,7,7,7,7,7,7,7,7,7,7,7,7,7,7,7,7,7,7,7,7,7
20,13,19,18,23,28,41,32,32,13,8,10,9,5,11,22,19,23,33,29,28,26,18,7,-6,7,8,12,18,30,34,31,29,24,14,10,-1,10,9,23,27,26,33,28,32,26,22,16
2,4,4,6,14,14,28,25,22,9,4,3,1,0,3,6,15,21,23,22,16,14,7,1,-14,-2,-1,6,13,18,23,22,21,17,6,3,-9,-3,-7,12,17,19,24,21,21,14,12,2
11,8,12,12,18,21,34,28,27,11,6,6,5,2,7,14,17,22,28,26,22,20,12,4,-10,2,4,9,16,24,28,26,25,20,10,6,-5,4,1,18,22,22,28,24,26,20,17,9
6,7,12,18,23,28,31,31,28,22,16,10,6,7,12,18,23,28,31,31,28,22,16,10,6,7,12,18,23,28,31,31,28,22,16,10,6,7,12,18,23,28,31,31,28,22,16,10
-2,-1,2,7,12,18,22,22,19,12,7,2,-2,-1,2,7,12,18,22,22,19,12,7,2,-2,-1,2,7,12,18,22,22,19,12,7,2,-2,-1,2,7,12,18,22,22,19,12,7,2
2,3,7,12,17,23,26,26,23,17,11,6,2,3,7,12,17,23,26,26,23,17,11,6,2,3,7,12,17,23,26,26,23,17,11,6,2,3,7,12,17,23,26,26,23,17,11,6
9,5,5,0,1,-2,8,2,4,-6,-5,0,3,-1,0,2,0,-1,2,0,-1,3,1,-2,-12,-1,-3,-3,-1,1,2,0,2,3,-1,0,-7,1,-6,6,5,-1,2,-2,3,3,6,3
24,18,25,34,35,37,41,40,40,34,25,26,24,18,25,34,35,37,41,40,40,34,25,26,24,18,25,34,35,37,41,40,40,34,25,26,24,18,25,34,35,37,41,40,40,34,25,26
1907*,2008*,1961*,1929*,1930*,2008*,2012*,1918*,1881*,1941*,1975*,1998*,1907*,2008*,1961*,1929*,1930*,2008*,2012*,1918*,1881*,1941*,1975*,1998*,1907*,2008*,1961*,1929*,1930*,2008*,2012*,1918*,1881*,1941*,1975*,1998*,1907*,2008*,1961*,1929*,1930*,2008*,2012*,1918*,1881*,1941*,1975*,1998*
-15,-16,-11,-4,3,8,13,14,8,1,-3,-12,-15,-16,-11,-4,3,8,13,14,8,1,-3,-12,-15,-16,-11,-4,3,8,13,14,8,1,-3,-12,-15,-16,-11,-4,3,8,13,14,8,1,-3,-12
1884*,1907*,1890*,1882*,1970*,1894*,1906*,2004*,1924*,1917*,1930*,1882*,1884*,1907*,1890*,1882*,1970*,1894*,1906*,2004*,1924*,1917*,1930*,1882*,1884*,1907*,1890*,1882*,1970*,1894*,1906*,2004*,1924*,1917*,1930*,1882*,1884*,1907*,1890*,1882*,1970*,1894*,1906*,2004*,1924*,1917*,1930*,1882*
0,0,0,0,0,0,0,0,0,0.28,0.05,0.13,0,0,0,0,1.4,4.24,0.1,0,0,2.87,0.03,0.41,0,0,0,0.97,0.36,0,0,0,0,0.38,0,0,0,0,0,0.43,0,0,0,0.13,0,0,0.28,0
0,0,0,0,0,0,0,0,0,0,0,0,0,0,0,0,0,0,0,0,0,0,0,0,0,0,0,0,0,0,0,0,0,0,0,0,0,0,0,0,0,0,0,0,0,0,0,0
0,0,0,0,0,0,0,0,0,0,0,0,0,0,0,0,0,0,0,0,0,0,0,0,0,0,0,0,0,0,0,0,0,0,0,0,51,0,102,0,0,0,0,0,0,0,0,0
7,10,6,6,0,0,0,0,0,7,12,12,13,16,11,4,1,0,0,0,0,0,6,14,28,16,14,9,2,0,0,0,0,0,8,12,23,14,17,0,0,0,0,0,0,0,1,9
0,0,0,0,0,3,16,10,9,0,0,0,0,0,0,0,0,4,10,8,4,2,0,0,0,0,0,0,0,6,10,8,7,2,0,0,0,0,0,0,4,4,10,6,8,2,0,0
8,8,8,8,8,8,8,8,8,8,8,8,8,8,8,8,8,8,8,8,8,8,8,8,8,8,8,8,8,8,8,8,8,8,8,8,8,8,8,8,8,8,8,8,8,8,8,8
11,6,23,23,24,29,39,33,33,13,13,12,12,7,11,27,22,28,31,31,33,21,12,1,-1,3,19,20,31,29,36,29,25,27,12,3,-3,20,15,12,29,31,33,31,33,26,14,13
3,3,12,9,16,16,25,25,19,7,4,9,-1,1,3,12,15,20,23,24,21,12,2,-2,-11,-2,0,11,15,19,22,21,21,15,2,2,-11,2,0,7,18,18,26,23,22,14,7,3
7,4,18,16,20,22,32,29,26,10,8,10,6,4,7,20,18,24,27,28,27,16,7,0,-6,0,10,16,23,24,29,25,23,21,7,2,-7,11,8,10,24,24,30,27,28,20,10,8
6,8,12,18,23,28,31,31,28,22,16,9,6,8,12,18,23,28,31,31,28,22,16,9,6,8,12,18,23,28,31,31,28,22,16,9,6,8,12,18,23,28,31,31,28,22,16,9
-2,-1,2,7,12,18,22,21,18,12,6,1,-2,-1,2,7,12,18,22,21,18,12,6,1,-2,-1,2,7,12,18,22,21,18,12,6,1,-2,-1,2,7,12,18,22,21,18,12,6,1
2,3,7,12,18,23,27,26,23,17,11,5,2,3,7,12,18,23,27,26,23,17,11,5,2,3,7,12,18,23,27,26,23,17,11,5,2,3,7,12,18,23,27,26,23,17,11,5
5,1,11,4,2,-1,5,3,3,-7,-3,5,4,1,0,8,0,1,0,2,4,-1,-4,-5,-8,-3,3,4,5,1,2,-1,0,4,-4,-3,-9,8,1,-2,6,1,3,1,5,3,-1,3
23,20,29,34,33,37,39,39,38,33,27,23,23,20,29,34,33,37,39,39,38,33,27,23,23,20,29,34,33,37,39,39,38,33,27,23,23,20,29,34,33,37,39,39,38,33,27,23
2008*,2015*,2000*,1929*,1936*,2011*,2012*,2007*,1939*,2007*,1975*,1978*,2008*,2015*,2000*,1929*,1936*,2011*,2012*,2007*,1939*,2007*,1975*,1978*,2008*,2015*,2000*,1929*,1936*,2011*,2012*,2007*,1939*,2007*,1975*,1978*,2008*,2015*,2000*,1929*,1936*,2011*,2012*,2007*,1939*,2007*,1975*,1978*
-18,-18,-10,-2,4,9,12,12,11,2,-3,-13,-18,-18,-10,-2,4,9,12,12,11,2,-3,-13,-18,-18,-10,-2,4,9,12,12,11,2,-3,-13,-18,-18,-10,-2,4,9,12,12,11,2,-3,-13
1878*,1895*,1986*,2007*,1974*,1977*,2000*,1903*,1988*,1964*,1930*,1882*,1878*,1895*,1986*,2007*,1974*,1977*,2000*,1903*,1988*,1964*,1930*,1882*,1878*,1895*,1986*,2007*,1974*,1977*,2000*,1903*,1988*,1964*,1930*,1882*,1878*,1895*,1986*,2007*,1974*,1977*,2000*,1903*,1988*,1964*,1930*,1882*
0,0.28,0,0,0.08,0,1.75,0,1.24,0.1,0.03,0,0,0.51,0,0,0.1,0,0.1,0,0,0,0,2.08,0,0,0,0.1,0,0.61,1.93,0,0,0,0,0,0,0,0,0.33,0,1.65,2.84,0,0,0,0,0
0,0,0,0,0,0,0,0,0,0,0,0,0,0,0,0,0,0,0,0,0,0,0,15,0,0,0,0,0,0,0,0,0,0,0,0,0,0,0,0,0,0,0,0,0,0,0,0
0,0,0,0,0,0,0,0,0,0,0,0,0,0,0,0,0,0,0,0,0,0,0,0,0,0,0,0,0,0,0,0,0,0,0,0,51,0,25,0,0,0,0,0,0,0,0,0
11,14,0,2,0,0,0,0,0,8,10,8,12,14,11,0,0,0,0,0,0,2,11,18,24,18,8,2,0,0,0,0,0,0,11,16,25,7,10,8,0,0,0,0,0,0,8,10
0,0,0,0,2,4,14,11,8,0,0,0,0,0,0,2,0,6,9,10,9,0,0,0,0,0,0,0,5,6,11,7,5,3,0,0,0,0,0,0,6,6,12,9,10,2,0,0
9,9,9,9,9,9,9,9,9,9,9,9,9,9,9,9,9,9,9,9,9,9,9,9,9,9,9,9,9,9,9,9,9,9,9,9,9,9,9,9,9,9,9,9,9,9,9,9
4,8,19,21,24,33,31,35,27,18,14,11,12,6,17,30,25,28,30,34,27,17,13,3,5,2,11,21,24,29,32,31,26,24,16,8,6,7,17,10,28,32,33,32,34,26,12,9
1,1,5,12,15,19,23,24,17,9,4,9,1,-1,1,16,13,20,24,26,18,14,1,0,-2,-2,6,7,16,21,23,22,21,13,7,2,-3,1,3,7,18,22,26,22,24,17,5,4
2,4,12,16,20,26,27,30,22,14,9,10,6,2,9,23,19,24,27,30,22,16,7,2,2,0,8,14,20,25,28,26,24,18,12,5,2,4,10,8,23,27,30,27,29,22,8,6
6,8,12,18,23,28,31,31,28,21,16,9,6,8,12,18,23,28,31,31,28,21,16,9,6,8,12,18,23,28,31,31,28,21,16,9,6,8,12,18,23,28,31,31,28,21,16,9
-2,-1,2,7,12,18,22,21,18,12,6,1,-2,-1,2,7,12,18,22,21,18,12,6,1,-2,-1,2,7,12,18,22,21,18,12,6,1,-2,-1,2,7,12,18,22,21,18,12,6,1
2,3,7,13,18,23,27,26,23,17,11,5,2,3,7,13,18,23,27,26,23,17,11,5,2,3,7,13,18,23,27,26,23,17,11,5,2,3,7,13,18,23,27,26,23,17,11,5
0,1,5,3,2,3,0,4,-1,-3,-2,5,4,-1,2,10,1,1,0,4,-1,-1,-4,-3,0,-3,1,1,2,2,1,0,1,1,1,0,0,1,3,-5,5,4,3,1,6,5,-3,1
24,21,27,32,36,39,40,39,37,34,26,22,24,21,27,32,36,39,40,39,37,34,26,22,24,21,27,32,36,39,40,39,37,34,26,22,24,21,27,32,36,39,40,39,37,34,26,22
1937*,2001*,1964*,1959*,1963*,2011*,1936*,1930*,1872*,2007*,1994*,1991*,1937*,2001*,1964*,1959*,1963*,2011*,1936*,1930*,1872*,2007*,1994*,1991*,1937*,2001*,1964*,1959*,1963*,2011*,1936*,1930*,1872*,2007*,1994*,1991*,1937*,2001*,1964*,1959*,1963*,2011*,1936*,1930*,1872*,2007*,1994*,1991*
-16,-22,-9,-2,1,7,13,14,9,1,-3,-16,-16,-22,-9,-2,1,7,13,14,9,1,-3,-16,-16,-22,-9,-2,1,7,13,14,9,1,-3,-16,-16,-22,-9,-2,1,7,13,14,9,1,-3,-16
1970*,1899*,1932*,1872*,1947*,1913*,1891*,1989*,1901*,1889*,1976*,1876*,1970*,1899*,1932*,1872*,1947*,1913*,1891*,1989*,1901*,1889*,1976*,1876*,1970*,1899*,1932*,1872*,1947*,1913*,1891*,1989*,1901*,1889*,1976*,1876*,1970*,1899*,1932*,1872*,1947*,1913*,1891*,1989*,1901*,1889*,1976*,1876*
0.41,0,0.03,0,1.47,0,0.66,0,0,0.23,0,0.36,0.03,0,0,0,0.15,0.03,0,0,0,0.33,0,1.75,0,0,0,0,0,0.53,0.05,0,0,0,0,0.84,0,0.18,0,0.1,0,0,0.08,0,0,1.02,1.35,0
15,0,0,0,0,0,0,0,0,0,0,0,0,0,0,0,0,0,0,0,0,0,0,0,0,3,0,0,0,0,0,0,0,0,0,0,0,0,0,0,0,0,0,0,0,0,0,0
0,0,0,0,0,0,0,0,0,0,0,0,0,0,0,0,0,0,0,0,0,0,0,0,0,0,0,0,0,0,0,0,0,0,0,0,25,0,0,0,0,0,0,0,0,0,0,0
16,14,6,2,0,0,0,0,0,4,9,8,12,16,9,0,0,0,0,0,0,2,11,16,16,18,10,4,0,0,0,0,0,0,6,13,16,14,8,10,0,0,0,0,0,0,10,12
0,0,0,0,2,8,9,12,4,0,0,0,0,0,0,5,1,6,9,12,4,0,0,0,0,0,0,0,2,7,10,8,6,0,0,0,0,0,0,0,5,9,12,9,11,4,0,0
10,10,10,10,10,10,10,10,10,10,10,10,10,10,10,10,10,10,10,10,10,10,10,10,10,10,10,10,10,10,10,10,10,10,10,10,10,10,10,10,10,10,10,10,10,10,10,10
12,8,10,20,21,33,32,31,25,22,18,17,14,8,17,33,28,27,32,29,33,16,19,4,4,2,16,22,26,31,31,31,28,19,19,11,-1,4,10,20,29,29,31,26,29,19,16,17
0,1,1,7,13,21,22,22,16,13,3,9,6,-3,3,17,14,21,24,24,23,13,5,-1,-2,-4,4,7,19,23,21,22,22,13,6,4,-7,1,4,7,21,20,25,22,21,11,11,5
6,4,6,14,17,27,27,26,20,18,10,13,10,2,10,25,21,24,28,26,28,14,12,2,1,-1,10,14,22,27,26,26,25,16,12,8,-4,2,7,14,25,24,28,24,25,15,14,11
6,8,12,18,23,28,31,31,28,21,16,9,6,8,12,18,23,28,31,31,28,21,16,9,6,8,12,18,23,28,31,31,28,21,16,9,6,8,12,18,23,28,31,31,28,21,16,9
-2,-1,2,7,13,18,22,21,18,11,6,1,-2,-1,2,7,13,18,22,21,18,11,6,1,-2,-1,2,7,13,18,22,21,18,11,6,1,-2,-1,2,7,13,18,22,21,18,11,6,1
2,3,7,13,18,23,27,26,23,16,11,5,2,3,7,13,18,23,27,26,23,16,11,5,2,3,7,13,18,23,27,26,23,16,11,5,2,3,7,13,18,23,27,26,23,16,11,5
4,1,-1,1,-1,4,0,0,-3,2,-1,8,8,-1,3,12,3,1,1,0,5,-2,1,-3,-1,-4,3,1,4,4,-1,0,2,0,1,3,-6,-1,0,1,7,1,1,-2,2,-1,3,6
21,20,26,33,35,38,41,37,37,33,24,19,21,20,26,33,35,38,41,37,37,33,24,19,21,20,26,33,35,38,41,37,37,33,24,19,21,20,26,33,35,38,41,37,37,33,24,19
1950*,1960*,2016*,2013*,1963*,1964*,1936*,2010*,1983*,1939*,1999*,1966*,1950*,1960*,2016*,2013*,1963*,1964*,1936*,2010*,1983*,1939*,1999*,1966*,1950*,1960*,2016*,2013*,1963*,1964*,1936*,2010*,1983*,1939*,1999*,1966*,1950*,1960*,2016*,2013*,1963*,1964*,1936*,2010*,1983*,1939*,1999*,1966*
-19,-22,-10,-2,2,8,12,13,7,-1,-3,-16,-19,-22,-10,-2,2,8,12,13,7,-1,-3,-16,-19,-22,-10,-2,2,8,12,13,7,-1,-3,-16,-19,-22,-10,-2,2,8,12,13,7,-1,-3,-16
1875*,1899*,1932*,1997*,1947*,1913*,1894*,1919*,1883*,1895*,1914*,1876*,1875*,1899*,1932*,1997*,1947*,1913*,1894*,1919*,1883*,1895*,1914*,1876*,1875*,1899*,1932*,1997*,1947*,1913*,1894*,1919*,1883*,1895*,1914*,1876*,1875*,1899*,1932*,1997*,1947*,1913*,1894*,1919*,1883*,1895*,1914*,1876*
0,0,0,0,0,0,1.52,1.5,0,0,0,0.03,0,0,0,0,1.22,7.04,1.45,0.03,0,4.52,0,0.89,0.74,0,0,0,0.41,1.98,3.33,0,0,0.2,0,0,0,0.05,1.12,0.03,0,0,0,0.38,0.28,0,0.61,0
0,0,0,0,0,0,0,0,0,0,0,0,0,0,0,0,0,0,0,0,0,0,0,23.1,0,0,0,0,0,0,0,0,0,0,0,0,0,0,0,0,0,0,0,0,0,0,0,0
0,0,0,0,0,0,0,0,0,0,0,0,0,0,0,0,0,0,0,0,0,0,0,0,0,0,0,0,0,0,0,0,0,0,0,0,0,0,0,0,0,0,0,0,0,0,0,0
12,14,12,4,1,0,0,0,0,0,8,5,8,16,8,0,0,0,0,0,0,4,6,16,17,19,8,4,0,0,0,0,0,2,6,10,22,16,11,4,0,0,0,0,0,3,4,7
0,0,0,0,0,9,9,8,2,0,0,0,0,0,0,7,3,6,10,8,10,0,0,0,0,0,0,0,4,9,8,8,7,0,0,0,0,0,0,0,7,6,10,6,7,0,0,0
11,11,11,11,11,11,11,11,11,11,11,11,11,11,11,11,11,11,11,11,11,11,11,11,11,11,11,11,11,11,11,11,11,11,11,11,11,11,11,11,11,11,11,11,11,11,11,11
9,6,17,13,23,32,32,32,26,17,22,17,8,12,17,30,27,29,31,30,34,18,14,6,14,2,22,28,27,31,32,29,33,16,22,7,6,8,19,20,28,34,31,32,31,22,18,19
1,-5,2,4,11,22,23,22,14,9,6,5,3,3,7,14,18,20,24,23,24,15,4,-4,3,-6,7,16,17,22,21,21,22,13,7,2,-6,-2,8,11,22,22,24,23,18,8,11,6
5,0,10,8,17,27,28,27,20,13,14,11,6,8,12,22,22,24,28,26,29,16,9,1,8,-2,14,22,22,26,26,25,28,14,14,4,0,3,14,16,25,28,28,28,24,15,14,12
6,8,12,18,23,28,32,31,27,21,15,9,6,8,12,18,23,28,32,31,27,21,15,9,6,8,12,18,23,28,32,31,27,21,15,9,6,8,12,18,23,28,32,31,27,21,15,9
-2,-1,2,8,13,18,22,21,18,11,6,1,-2,-1,2,8,13,18,22,21,18,11,6,1,-2,-1,2,8,13,18,22,21,18,11,6,1,-2,-1,2,8,13,18,22,21,18,11,6,1
2,3,7,13,18,23,27,26,23,16,11,5,2,3,7,13,18,23,27,26,23,16,11,5,2,3,7,13,18,23,27,26,23,16,11,5,2,3,7,13,18,23,27,26,23,16,11,5
3,-3,3,-5,-1,4,1,1,-3,-3,3,6,4,5,5,9,4,1,1,0,6,0,-2,-4,6,-5,7,9,4,3,-1,-1,5,-2,3,-1,-2,0,7,3,7,5,1,2,1,-1,3,7
24,24,26,33,34,38,37,38,37,32,26,20,24,24,26,33,34,38,37,38,37,32,26,20,24,24,26,33,34,38,37,38,37,32,26,20,24,24,26,33,34,38,37,38,37,32,26,20
1975*,1932*,1967*,1930*,1911*,1911*,1988*,1900*,1983*,1919*,1949*,1979*,1975*,1932*,1967*,1930*,1911*,1911*,1988*,1900*,1983*,1919*,1949*,1979*,1975*,1932*,1967*,1930*,1911*,1911*,1988*,1900*,1983*,1919*,1949*,1979*,1975*,1932*,1967*,1930*,1911*,1911*,1988*,1900*,1983*,1919*,1949*,1979*
-17,-26,-9,-3,1,7,12,13,4,1,-3,-11,-17,-26,-9,-3,1,7,12,13,4,1,-3,-11,-17,-26,-9,-3,1,7,12,13,4,1,-3,-11,-17,-26,-9,-3,1,7,12,13,4,1,-3,-11
1982*,1899*,1960*,1909*,1906*,1913*,1898*,1879*,1917*,1906*,1973*,1917*,1982*,1899*,1960*,1909*,1906*,1913*,1898*,1879*,1917*,1906*,1973*,1917*,1982*,1899*,1960*,1909*,1906*,1913*,1898*,1879*,1917*,1906*,1973*,1917*,1982*,1899*,1960*,1909*,1906*,1913*,1898*,1879*,1917*,1906*,1973*,1917*
1.3,0.25,0,0.03,0,0,0,0.25,0,0,0,0.18,0.03,0.71,0,0,0.18,0,0,0,0,7.01,0,0,2.21,0,0,0,0,2.03,0,0.08,0,1.02,0,0,0,0,0,0,0,0,0.23,0.86,0,0,0,0
0,5.1,0,0,0,0,0,0,0,0,0,0,0,0,0,0,0,0,0,0,0,0,0,0,0,0,0,0,0,0,0,0,0,0,0,0,0,0,0,0,0,0,0,0,0,0,0,0
0,0,0,0,0,0,0,0,0,0,0,0,0,0,0,0,0,0,0,0,0,0,0,0,0,0,0,0,0,0,0,0,0,0,0,0,0,0,0,0,0,0,0,0,0,0,0,0
13,18,8,10,1,0,0,0,0,5,4,7,12,10,6,0,0,0,0,0,0,2,9,17,10,20,4,0,0,0,0,0,0,4,4,14,18,15,4,2,0,0,0,0,0,3,4,6
0,0,0,0,0,9,10,9,2,0,0,0,0,0,0,4,4,6,10,8,11,0,0,0,0,0,0,4,4,8,8,7,10,0,0,0,0,0,0,0,7,10,10,10,6,0,0,0
12,12,12,12,12,12,12,12,12,12,12,12,12,12,12,12,12,12,12,12,12,12,12,12,12,12,12,12,12,12,12,12,12,12,12,12,12,12,12,12,12,12,12,12,12,12,12,12
14,1,22,17,26,26,31,31,27,19,22,8,11,15,16,24,19,33,24,33,34,21,12,2,12,-1,21,25,30,27,32,26,27,18,20,8,6,7,16,21,32,34,31,29,24,24,19,20
7,-5,7,6,11,21,22,22,16,8,9,4,6,4,6,12,12,21,21,23,23,17,1,-3,2,-7,1,14,17,22,23,23,19,12,7,2,2,-7,6,6,22,25,21,21,19,10,9,7
10,-2,14,12,18,24,26,26,22,14,16,6,8,10,11,18,16,27,22,28,28,19,6,0,7,-4,11,20,24,24,28,24,23,15,14,5,4,0,11,14,27,30,26,25,22,17,14,14
6,8,12,19,23,29,32,31,27,21,15,9,6,8,12,19,23,29,32,31,27,21,15,9,6,8,12,19,23,29,32,31,27,21,15,9,6,8,12,19,23,29,32,31,27,21,15,9
-2,-1,2,8,13,19,22,21,18,11,6,1,-2,-1,2,8,13,19,22,21,18,11,6,1,-2,-1,2,8,13,19,22,21,18,11,6,1,-2,-1,2,8,13,19,22,21,18,11,6,1
2,3,7,13,18,24,27,26,22,16,10,5,2,3,7,13,18,24,27,26,22,16,10,5,2,3,7,13,18,24,27,26,22,16,10,5,2,3,7,13,18,24,27,26,22,16,10,5
8,-5,7,-1,0,0,-1,0,0,-2,6,1,6,7,4,5,-2,3,-5,2,6,3,-4,-5,5,-7,4,7,6,0,1,-2,1,-1,4,0,2,-3,4,1,9,6,-1,-1,0,1,4,9
24,23,32,32,34,35,37,37,36,32,25,22,24,23,32,32,34,35,37,37,36,32,25,22,24,23,32,32,34,35,37,37,36,32,25,22,24,23,32,32,34,35,37,37,36,32,25,22
1890*,1999*,1990*,1977*,1914*,2002*,1908*,1926*,1931*,1962*,1912*,1873*,1890*,1999*,1990*,1977*,1914*,2002*,1908*,1926*,1931*,1962*,1912*,1873*,1890*,1999*,1990*,1977*,1914*,2002*,1908*,1926*,1931*,1962*,1912*,1873*,1890*,1999*,1990*,1977*,1914*,2002*,1908*,1926*,1931*,1962*,1912*,1873*
-16,-16,-12,-4,3,10,12,13,5,-1,-4,-11,-16,-16,-12,-4,3,10,12,13,5,-1,-4,-11,-16,-16,-12,-4,3,10,12,13,5,-1,-4,-11,-16,-16,-12,-4,3,10,12,13,5,-1,-4,-11
1886*,1899*,1900*,1874*,1913*,1907*,1895*,1889*,1917*,1906*,1926*,1987*,1886*,1899*,1900*,1874*,1913*,1907*,1895*,1889*,1917*,1906*,1926*,1987*,1886*,1899*,1900*,1874*,1913*,1907*,1895*,1889*,1917*,1906*,1926*,1987*,1886*,1899*,1900*,1874*,1913*,1907*,1895*,1889*,1917*,1906*,1926*,1987*
0.61,0.03,0,0,0,0.66,0,0,0,0,0.03,0,0,0,2.11,2.03,0,0,3.53,0,0.46,0.74,0,0,0,0.23,0.1,0,0.2,0.23,0,4.06,0,0,0,0,1.91,0,0,0,0,0.05,0,0,0.41,0,0.03,0
0,3,0,0,0,0,0,0,0,0,0,0,0,0,0,0,0,0,0,0,0,0,0,0,0,27.9,0,0,0,0,0,0,0,0,0,0,0,0,0,0,0,0,0,0,0,0,0,0
0,0,0,0,0,0,0,0,0,0,0,0,0,0,0,0,0,0,0,0,0,0,0,0,0,0,0,0,0,0,0,0,0,0,0,0,0,0,0,0,0,0,0,0,0,0,0,0
8,20,4,6,0,0,0,0,0,4,2,12,10,8,7,0,2,0,0,0,0,0,12,18,11,22,7,0,0,0,0,0,0,3,4,13,14,18,7,4,0,0,0,0,0,1,4,4
0,0,0,0,0,6,8,8,4,0,0,0,0,0,0,0,0,9,4,10,10,1,0,0,0,0,0,2,6,6,10,6,5,0,0,0,0,0,0,0,9,12,8,7,4,0,0,0
13,13,13,13,13,13,13,13,13,13,13,13,13,13,13,13,13,13,13,13,13,13,13,13,13,13,13,13,13,13,13,13,13,13,13,13,13,13,13,13,13,13,13,13,13,13,13,13
11,10,27,19,27,28,32,32,27,16,18,10,13,9,11,21,17,32,30,32,28,19,7,7,16,4,2,29,33,28,34,30,23,20,9,9,6,-1,13,27,22,33,28,29,23,26,17,22
-2,-4,13,7,17,21,24,22,16,5,3,2,6,1,2,9,8,22,22,22,17,15,0,-4,0,-3,-5,13,17,22,24,21,17,16,4,-1,-2,-9,3,11,13,24,23,20,16,15,9,9
4,3,20,13,22,24,28,27,22,10,10,6,10,5,6,15,12,27,26,27,22,17,4,2,8,0,-2,21,25,25,29,26,20,18,6,4,2,-5,8,19,18,28,26,24,20,20,13,16
6,8,13,19,24,29,32,31,27,21,15,8,6,8,13,19,24,29,32,31,27,21,15,8,6,8,13,19,24,29,32,31,27,21,15,8,6,8,13,19,24,29,32,31,27,21,15,8
-2,-1,3,8,13,19,22,21,18,11,6,1,-2,-1,3,8,13,19,22,21,18,11,6,1,-2,-1,3,8,13,19,22,21,18,11,6,1,-2,-1,3,8,13,19,22,21,18,11,6,1
2,4,8,13,18,24,27,26,22,16,10,5,2,4,8,13,18,24,27,26,22,16,10,5,2,4,8,13,18,24,27,26,22,16,10,5,2,4,8,13,18,24,27,26,22,16,10,5
2,-1,12,0,4,0,1,1,0,-6,0,1,8,1,-2,2,-6,3,-1,1,0,1,-6,-3,6,-4,-10,8,7,1,2,0,-2,2,-4,-1,0,-9,0,6,0,4,-1,-2,-2,4,3,11
24,22,31,32,35,36,38,38,34,32,27,22,24,22,31,32,35,36,38,38,34,32,27,22,24,22,31,32,35,36,38,38,34,32,27,22,24,22,31,32,35,36,38,38,34,32,27,22
1932*,1951*,1990*,1977*,1881*,1954*,1954*,1881*,1925*,1954*,1879*,2015*,1932*,1951*,1990*,1977*,1881*,1954*,1954*,1881*,1925*,1954*,1879*,2015*,1932*,1951*,1990*,1977*,1881*,1954*,1954*,1881*,1925*,1954*,1879*,2015*,1932*,1951*,1990*,1977*,1881*,1954*,1954*,1881*,1925*,1954*,1879*,2015*
-22,-17,-10,-3,4,11,13,13,7,-1,-6,-12,-22,-17,-10,-3,4,11,13,13,7,-1,-6,-12,-22,-17,-10,-3,4,11,13,13,7,-1,-6,-12,-22,-17,-10,-3,4,11,13,13,7,-1,-6,-12
1912*,1917*,1896*,1874*,1878*,1887*,1888*,1930*,1917*,1906*,1911*,1960*,1912*,1917*,1896*,1874*,1878*,1887*,1888*,1930*,1917*,1906*,1911*,1960*,1912*,1917*,1896*,1874*,1878*,1887*,1888*,1930*,1917*,1906*,1911*,1960*,1912*,1917*,1896*,1874*,1878*,1887*,1888*,1930*,1917*,1906*,1911*,1960*
0.13,0,0.03,0,0,0,0,0,0,0,1.27,0,0,0.48,0,0,0,0.05,0.18,1.12,0,0.08,0,0,0,4.09,0,0,0,0.56,0.13,0,0.58,0.25,0.08,0,0,0,0.03,0,0,0,0.08,0,0,0,0,0
0,0,0,0,0,0,0,0,0,0,0,0,0,0,0,0,0,0,0,0,0,0,0,0,0,150.1,0,0,0,0,0,0,0,0,0,0,0,0,0,0,0,0,0,0,0,0,0,0
0,0,0,0,0,0,0,0,0,0,0,0,0,0,0,0,0,0,0,0,0,0,0,0,0,152,0,0,0,0,0,0,0,0,0,0,0,0,0,0,0,0,0,0,0,0,0,0
14,15,0,5,0,0,0,0,0,8,8,12,8,13,12,3,6,0,0,0,0,1,14,16,10,18,20,0,0,0,0,0,0,0,12,14,16,23,10,0,0,0,0,0,0,0,5,2
0,0,2,0,4,6,10,9,4,0,0,0,0,0,0,0,0,9,8,9,4,0,0,0,0,0,0,3,7,7,11,8,2,0,0,0,0,0,0,1,0,10,8,6,2,2,0,0
14,14,14,14,14,14,14,14,14,14,14,14,14,14,14,14,14,14,14,14,14,14,14,14,14,14,14,14,14,14,14,14,14,14,14,14,14,14,14,14,14,14,14,14,14,14,14,14
4,13,27,24,23,28,31,32,28,24,9,11,17,10,8,21,19,27,32,26,23,22,13,6,12,11,16,27,19,26,34,29,23,28,7,14,1,7,16,19,23,34,32,31,27,22,13,21
-3,3,12,8,17,20,22,22,18,11,2,-1,6,2,1,9,6,17,24,17,13,14,-2,1,5,1,-2,18,16,19,24,18,13,18,2,1,-3,-8,7,12,12,26,24,18,13,13,5,12
0,8,20,16,20,24,26,27,23,18,6,5,12,6,4,15,12,22,28,22,18,18,6,4,8,6,7,22,18,22,29,24,18,23,4,8,-1,0,12,16,18,30,28,24,20,18,9,16
6,8,13,19,24,29,32,31,27,21,15,8,6,8,13,19,24,29,32,31,27,21,15,8,6,8,13,19,24,29,32,31,27,21,15,8,6,8,13,19,24,29,32,31,27,21,15,8
-2,-1,3,8,13,19,22,21,17,11,5,0,-2,-1,3,8,13,19,22,21,17,11,5,0,-2,-1,3,8,13,19,22,21,17,11,5,0,-2,-1,3,8,13,19,22,21,17,11,5,0
2,4,8,14,18,24,27,26,22,16,10,4,2,4,8,14,18,24,27,26,22,16,10,4,2,4,8,14,18,24,27,26,22,16,10,4,2,4,8,14,18,24,27,26,22,16,10,4
-2,4,12,2,2,0,-1,1,1,2,-4,1,10,2,-4,1,-6,-2,1,-4,-4,2,-4,0,6,2,-1,8,0,-2,2,-2,-4,7,-6,4,-3,-4,4,2,0,6,1,-2,-2,2,-1,12
24,23,30,33,34,37,38,37,34,31,25,21,24,23,30,33,34,37,38,37,34,31,25,21,24,23,30,33,34,37,38,37,34,31,25,21,24,23,30,33,34,37,38,37,34,31,25,21
1932*,1990*,1990*,1960*,1956*,1994*,1954*,2002*,1981*,1975*,1985*,1931*,1932*,1990*,1990*,1960*,1956*,1994*,1954*,2002*,1981*,1975*,1985*,1931*,1932*,1990*,1990*,1960*,1956*,1994*,1954*,2002*,1981*,1975*,1985*,1931*,1932*,1990*,1990*,1960*,1956*,1994*,1954*,2002*,1981*,1975*,1985*,1931*
-25,-16,-11,-4,5,9,13,13,8,0,-7,-14,-25,-16,-11,-4,5,9,13,13,8,0,-7,-14,-25,-16,-11,-4,5,9,13,13,8,0,-7,-14,-25,-16,-11,-4,5,9,13,13,8,0,-7,-14
1912*,1905*,1888*,1950*,1928*,1933*,1904*,1941*,1911*,1875*,1920*,1904*,1912*,1905*,1888*,1950*,1928*,1933*,1904*,1941*,1911*,1875*,1920*,1904*,1912*,1905*,1888*,1950*,1928*,1933*,1904*,1941*,1911*,1875*,1920*,1904*,1912*,1905*,1888*,1950*,1928*,1933*,1904*,1941*,1911*,1875*,1920*,1904*
0,0,0,0,0.61,0,0.2,0.51,0,0,0,0,0.23,0,0,0,0,0.05,0,0,0,0,0,1.17,0.89,0,0,0.15,0,0,0.41,0,0,0,0,0,0,0,1.52,1.63,0,1.32,0,0,0,0,0,0.33
0,0,0,0,0,0,0,0,0,0,0,0,0,0,0,0,0,0,0,0,0,0,0,0,0,0,0,0,0,0,0,0,0,0,0,0,5.1,3,0,0,0,0,0,0,0,0,0,0
0,0,0,0,0,0,0,0,0,0,0,0,0,0,0,0,0,0,0,0,0,0,0,0,0,102,0,0,0,0,0,0,0,0,0,0,0,0,0,0,0,0,0,0,0,0,0,0
18,10,0,2,0,0,0,0,0,0,12,13,6,12,14,3,6,0,0,0,0,0,12,14,10,12,11,0,0,0,0,0,0,0,14,10,19,18,6,2,0,0,0,0,0,0,9,2
0,0,2,0,2,6,8,9,5,0,0,0,0,0,0,0,0,4,10,4,0,0,0,0,0,0,0,4,0,4,11,6,0,5,0,0,0,0,0,0,0,12,10,6,2,0,0,0
15,15,15,15,15,15,15,15,15,15,15,15,15,15,15,15,15,15,15,15,15,15,15,15,15,15,15,15,15,15,15,15,15,15,15,15,15,15,15,15,15,15,15,15,15,15,15,15
2,13,28,28,26,28,36,30,26,22,11,12,6,16,15,17,30,29,36,27,26,23,16,11,10,4,21,22,27,29,32,28,25,27,8,14,6,-6,14,20,26,34,31,32,29,20,18,19
-3,4,12,16,19,18,24,23,18,14,3,3,3,2,1,14,14,17,24,16,12,12,1,1,4,-1,8,3,19,16,22,17,14,16,0,4,0,-12,7,11,14,26,22,20,16,12,2,8
0,8,20,22,22,23,30,26,22,18,7,8,4,9,8,16,22,23,30,22,19,18,8,6,7,2,14,12,23,22,27,22,20,22,4,9,3,-9,10,16,20,30,26,26,22,16,10,14
6,8,13,19,24,29,32,30,27,20,15,8,6,8,13,19,24,29,32,30,27,20,15,8,6,8,13,19,24,29,32,30,27,20,15,8,6,8,13,19,24,29,32,30,27,20,15,8
-2,-1,3,8,13,19,22,21,17,10,5,0,-2,-1,3,8,13,19,22,21,17,10,5,0,-2,-1,3,8,13,19,22,21,17,10,5,0,-2,-1,3,8,13,19,22,21,17,10,5,0
2,4,8,14,19,24,27,26,22,15,10,4,2,4,8,14,19,24,27,26,22,15,10,4,2,4,8,14,19,24,27,26,22,15,10,4,2,4,8,14,19,24,27,26,22,15,10,4
-2,4,12,8,3,-1,3,0,0,3,-3,4,2,5,0,2,3,-1,3,-4,-3,3,-2,2,5,-2,6,-2,4,-2,0,-4,-2,7,-6,5,1,-13,2,2,1,6,-1,0,0,1,0,10
25,25,28,32,34,38,38,39,36,31,28,22,25,25,28,32,34,38,38,39,36,31,28,22,25,25,28,32,34,38,38,39,36,31,28,22,25,25,28,32,34,38,38,39,36,31,28,22
1932*,1949*,2012*,1941*,1962*,1994*,1988*,1988*,1930*,1975*,1993*,1971*,1932*,1949*,2012*,1941*,1962*,1994*,1988*,1988*,1930*,1975*,1993*,1971*,1932*,1949*,2012*,1941*,1962*,1994*,1988*,1988*,1930*,1975*,1993*,1971*,1932*,1949*,2012*,1941*,1962*,1994*,1988*,1988*,1930*,1975*,1993*,1971*
-16,-21,-9,-2,4,8,13,11,6,0,-7,-14,-16,-21,-9,-2,4,8,13,11,6,0,-7,-14,-16,-21,-9,-2,4,8,13,11,6,0,-7,-14,-16,-21,-9,-2,4,8,13,11,6,0,-7,-14
1886*,1899*,1993*,1904*,1939*,1933*,1895*,1963*,1902*,1874*,1905*,1904*,1886*,1899*,1993*,1904*,1939*,1933*,1895*,1963*,1902*,1874*,1905*,1904*,1886*,1899*,1993*,1904*,1939*,1933*,1895*,1963*,1902*,1874*,1905*,1904*,1886*,1899*,1993*,1904*,1939*,1933*,1895*,1963*,1902*,1874*,1905*,1904*
0,0,0,0,3.1,0,0.05,0,0,0.15,0,0,2.01,0.25,0,0,0,0,0,0,0,0,0.2,0,0,0.18,0,3.73,1.02,0,4.34,0,0,3.66,0,0,0,0,0,0,0,0.2,0.03,0,0,0,0,0
0,0,0,0,0,0,0,0,0,0,0,0,0,0,0,0,0,0,0,0,0,0,0,0,0,0,0,0,0,0,0,0,0,0,0,0,0,0,0,0,0,0,0,0,0,0,0,0
0,0,0,0,0,0,0,0,0,0,0,0,0,0,0,0,0,0,0,0,0,0,0,0,0,76,0,0,0,0,0,0,0,0,0,0,0,0,0,0,0,0,0,0,0,0,0,0
18,10,0,0,0,0,0,0,0,0,11,10,14,9,10,2,0,0,0,0,0,0,10,12,11,16,4,6,0,0,0,0,0,0,14,9,15,27,8,2,0,0,0,0,0,2,8,4
0,0,2,4,4,5,12,8,4,0,0,0,0,0,0,0,4,5,12,4,1,0,0,0,0,0,0,0,5,4,9,4,2,4,0,0,0,0,0,0,2,12,8,8,4,0,0,0
16,16,16,16,16,16,16,16,16,16,16,16,16,16,16,16,16,16,16,16,16,16,16,16,16,16,16,16,16,16,16,16,16,16,16,16,16,16,16,16,16,16,16,16,16,16,16,16
6,8,15,32,28,28,36,33,24,18,13,11,6,5,16,23,31,31,36,27,25,23,12,4,6,3,9,11,22,32,28,29,27,20,9,10,9,-7,21,23,31,36,31,34,30,19,21,14
-4,5,11,17,17,17,24,21,16,9,5,8,3,1,5,13,19,21,27,17,17,17,8,1,1,-3,-1,1,13,20,22,18,17,16,3,4,-3,-12,3,11,19,25,19,21,16,11,6,5
1,6,13,24,22,22,30,27,20,14,9,10,4,3,10,18,25,26,32,22,21,20,10,2,4,0,4,6,18,26,25,24,22,18,6,7,3,-10,12,17,25,30,25,28,23,15,14,10
6,8,13,19,24,29,32,30,26,20,14,8,6,8,13,19,24,29,32,30,26,20,14,8,6,8,13,19,24,29,32,30,26,20,14,8,6,8,13,19,24,29,32,30,26,20,14,8
-2,-1,3,8,14,19,22,21,17,10,5,0,-2,-1,3,8,14,19,22,21,17,10,5,0,-2,-1,3,8,14,19,22,21,17,10,5,0,-2,-1,3,8,14,19,22,21,17,10,5,0
2,4,8,14,19,24,27,26,22,15,10,4,2,4,8,14,19,24,27,26,22,15,10,4,2,4,8,14,19,24,27,26,22,15,10,4,2,4,8,14,19,24,27,26,22,15,10,4
-1,2,5,10,3,-2,3,1,-2,-1,-1,6,2,-1,2,4,6,2,5,-4,-1,5,0,-2,2,-4,-4,-8,-1,2,-2,-2,0,3,-4,3,1,-14,4,3,6,6,-2,2,1,0,4,6
23,24,30,33,34,37,40,39,36,32,24,23,23,24,30,33,34,37,40,39,36,32,24,23,23,24,30,33,34,37,40,39,36,32,24,23,23,24,30,33,34,37,40,39,36,32,24,23
1953*,1954*,1945*,2002*,1911*,1994*,1988*,1997*,1991*,1897*,2001*,1971*,1953*,1954*,1945*,2002*,1911*,1994*,1988*,1997*,1991*,1897*,2001*,1971*,1953*,1954*,1945*,2002*,1911*,1994*,1988*,1997*,1991*,1897*,2001*,1971*,1953*,1954*,1945*,2002*,1911*,1994*,1988*,1997*,1991*,1897*,2001*,1971*
-17,-15,-10,-2,3,10,13,12,7,-1,-7,-12,-17,-15,-10,-2,3,10,13,12,7,-1,-7,-12,-17,-15,-10,-2,3,10,13,12,7,-1,-7,-12,-17,-15,-10,-2,3,10,13,12,7,-1,-7,-12
1893*,1905*,1911*,1943*,1920*,1917*,1930*,1921*,1902*,1876*,1933*,1917*,1893*,1905*,1911*,1943*,1920*,1917*,1930*,1921*,1902*,1876*,1933*,1917*,1893*,1905*,1911*,1943*,1920*,1917*,1930*,1921*,1902*,1876*,1933*,1917*,1893*,1905*,1911*,1943*,1920*,1917*,1930*,1921*,1902*,1876*,1933*,1917*
0.08,0.23,0.05,0,0,0,0.05,0,0,0,0,0.23,0.74,0.05,0.08,0,0,0,0,0,0.13,0,0.86,0,0,0,0.81,0,5.72,0,0,0,0,0.05,0.03,1.02,0,0.74,0,0.1,1.68,0,0,0,0,0,0,0
0,0,0,0,0,0,0,0,0,0,0,0,0,0,0,0,0,0,0,0,0,0,0,0,0,0,84.1,0,0,0,0,0,0,0,0,0,0,73.9,0,0,0,0,0,0,0,0,0,0
0,0,0,0,0,0,0,0,0,0,0,0,0,0,0,0,0,0,0,0,0,0,0,0,0,51,76,0,0,0,0,0,0,0,0,0,0,0,0,0,0,0,0,0,0,0,0,0
17,12,5,0,0,0,0,0,0,4,9,8,14,15,8,0,0,0,0,0,0,0,8,16,14,18,14,12,0,0,0,0,0,0,12,11,15,28,6,1,0,0,0,0,0,3,4,8
0,0,0,6,4,4,12,9,2,0,0,0,0,0,0,0,7,8,14,4,3,2,0,0,0,0,0,0,0,8,7,6,4,0,0,0,0,0,0,0,7,12,7,10,5,0,0,0
17,17,17,17,17,17,17,17,17,17,17,17,17,17,17,17,17,17,17,17,17,17,17,17,17,17,17,17,17,17,17,17,17,17,17,17,17,17,17,17,17,17,17,17,17,17,17,17
16,12,24,25,25,25,38,34,24,21,13,13,8,1,6,27,28,30,36,27,22,25,18,4,9,3,0,13,21,36,28,31,26,24,11,14,4,-1,23,26,31,29,29,36,30,16,16,12
4,4,11,16,16,17,25,22,15,8,2,9,4,-3,3,16,17,23,27,17,12,17,11,2,-1,-4,-3,4,11,23,19,22,15,13,6,4,-2,-8,4,15,21,23,22,22,17,7,8,8
10,8,18,20,20,21,32,28,20,14,8,11,6,-1,4,22,22,26,32,22,17,21,14,3,4,0,-2,8,16,30,24,26,20,18,8,9,1,-4,14,20,26,26,26,29,24,12,12,10
6,9,13,20,24,29,32,30,26,20,14,8,6,9,13,20,24,29,32,30,26,20,14,8,6,9,13,20,24,29,32,30,26,20,14,8,6,9,13,20,24,29,32,30,26,20,14,8
-2,0,3,9,14,19,22,21,17,10,5,0,-2,0,3,9,14,19,22,21,17,10,5,0,-2,0,3,9,14,19,22,21,17,10,5,0,-2,0,3,9,14,19,22,21,17,10,5,0
2,4,8,14,19,24,27,26,21,15,10,4,2,4,8,14,19,24,27,26,21,15,10,4,2,4,8,14,19,24,27,26,21,15,10,4,2,4,8,14,19,24,27,26,21,15,10,4
8,4,10,6,1,-3,5,2,-1,-1,-2,7,4,-5,-4,8,3,2,5,-4,-4,6,4,-1,2,-4,-10,-6,-3,6,-3,0,-1,3,-2,5,-1,-8,6,6,7,2,-1,3,3,-3,2,6
22,26,31,35,33,36,39,41,36,30,25,18,22,26,31,35,33,36,39,41,36,30,25,18,22,26,31,35,33,36,39,41,36,30,25,18,22,26,31,35,33,36,39,41,36,30,25,18
1943*,1976*,1945*,2002*,1974*,2014*,1980*,1997*,1991*,1938*,1896*,1984*,1943*,1976*,1945*,2002*,1974*,2014*,1980*,1997*,1991*,1938*,1896*,1984*,1943*,1976*,1945*,2002*,1974*,2014*,1980*,1997*,1991*,1938*,1896*,1984*,1943*,1976*,1945*,2002*,1974*,2014*,1980*,1997*,1991*,1938*,1896*,1984*
-21,-15,-11,-3,4,10,13,11,7,1,-8,-12,-21,-15,-11,-3,4,10,13,11,7,1,-8,-12,-21,-15,-11,-3,4,10,13,11,7,1,-8,-12,-21,-15,-11,-3,4,10,13,11,7,1,-8,-12
1982*,1958*,1900*,1875*,1956*,1926*,1929*,1902*,1923*,1893*,1933*,1876*,1982*,1958*,1900*,1875*,1956*,1926*,1929*,1902*,1923*,1893*,1933*,1876*,1982*,1958*,1900*,1875*,1956*,1926*,1929*,1902*,1923*,1893*,1933*,1876*,1982*,1958*,1900*,1875*,1956*,1926*,1929*,1902*,1923*,1893*,1933*,1876*
0.66,0,0,0,0,0,0,0.03,0.36,0,0,0.18,0.03,0,0,0,0,0,0,0,0,0,0,0.05,0,0,0.89,0,0,0,0,0.03,0,0,1.8,0,0,0.58,0,0.08,0,0.46,0,0,0,0,0,1.07
0,0,0,0,0,0,0,0,0,0,0,0,0,0,0,0,0,0,0,0,0,0,0,0,0,0,99.1,0,0,0,0,0,0,0,0,0,0,46,0,0,0,0,0,0,0,0,0,0
0,0,0,0,0,0,0,0,0,0,0,0,0,0,0,0,0,0,0,0,0,0,0,0,0,25,178,0,0,0,0,0,0,0,0,0,0,127,0,0,0,0,0,0,0,0,0,0
8,10,0,0,0,0,0,0,0,4,10,7,12,19,14,0,0,0,0,0,1,0,4,15,14,18,20,10,2,0,0,0,0,0,10,9,17,22,4,0,0,0,0,0,0,6,6,8
0,0,0,2,2,3,14,10,2,0,0,0,0,0,0,4,4,8,14,4,0,3,0,0,0,0,0,0,0,12,6,8,2,0,0,0,0,0,0,2,8,8,8,11,6,0,0,0
18,18,18,18,18,18,18,18,18,18,18,18,18,18,18,18,18,18,18,18,18,18,18,18,18,18,18,18,18,18,18,18,18,18,18,18,18,18,18,18,18,18,18,18,18,18,18,18
14,15,20,17,24,22,38,30,27,22,12,17,4,6,4,26,19,26,35,23,23,21,22,7,4,14,6,14,21,35,30,29,27,23,6,6,7,1,12,29,33,33,31,32,31,12,18,11
-2,1,11,12,13,17,27,21,19,12,4,6,-1,-6,1,16,16,20,27,19,11,12,11,0,-4,-1,-1,4,12,25,20,22,18,13,-4,3,1,-11,2,16,22,22,25,23,18,3,8,2
6,8,16,14,18,20,32,26,23,17,8,12,2,0,2,21,18,23,31,21,17,16,16,4,0,6,2,9,16,30,25,26,22,18,1,4,4,-5,7,22,28,28,28,28,24,8,13,6
6,9,14,20,24,29,31,30,26,20,14,8,6,9,14,20,24,29,31,30,26,20,14,8,6,9,14,20,24,29,31,30,26,20,14,8,6,9,14,20,24,29,31,30,26,20,14,8
-2,0,3,9,14,20,22,21,16,10,5,0,-2,0,3,9,14,20,22,21,16,10,5,0,-2,0,3,9,14,20,22,21,16,10,5,0,-2,0,3,9,14,20,22,21,16,10,5,0
2,4,8,14,19,25,27,26,21,15,9,4,2,4,8,14,19,25,27,26,21,15,9,4,2,4,8,14,19,25,27,26,21,15,9,4,2,4,8,14,19,25,27,26,21,15,9,4
4,4,8,0,-1,-5,5,0,2,2,-1,8,0,-4,-6,7,-1,-2,4,-5,-4,1,7,0,-2,2,-6,-5,-3,5,-2,0,1,3,-8,0,2,-9,-1,8,9,3,1,2,3,-7,4,2
21,25,27,35,36,37,39,37,33,29,27,23,21,25,27,35,36,37,39,37,33,29,27,23,21,25,27,35,36,37,39,37,33,29,27,23,21,25,27,35,36,37,39,37,33,29,27,23
1990*,2011*,1989*,1976*,1877*,1944*,1887*,2002*,1927*,1938*,1921*,2006*,1990*,2011*,1989*,1976*,1877*,1944*,1887*,2002*,1927*,1938*,1921*,2006*,1990*,2011*,1989*,1976*,1877*,1944*,1887*,2002*,1927*,1938*,1921*,2006*,1990*,2011*,1989*,1976*,1877*,1944*,1887*,2002*,1927*,1938*,1921*,2006*
-21,-16,-11,-4,4,11,13,12,7,1,-6,-12,-21,-16,-11,-4,4,11,13,12,7,1,-6,-12,-21,-16,-11,-4,4,11,13,12,7,1,-6,-12,-21,-16,-11,-4,4,11,13,12,7,1,-6,-12
1893*,1903*,1900*,1875*,1973*,1965*,1892*,1902*,1937*,1876*,1959*,1926*,1893*,1903*,1900*,1875*,1973*,1965*,1892*,1902*,1937*,1876*,1959*,1926*,1893*,1903*,1900*,1875*,1973*,1965*,1892*,1902*,1937*,1876*,1959*,1926*,1893*,1903*,1900*,1875*,1973*,1965*,1892*,1902*,1937*,1876*,1959*,1926*
0,0,0,0.13,0,0.71,0,0.41,2.36,0,0,0,0,0,0.81,0.15,0.15,0.58,2.64,0.48,0,0,0.38,0,0,0.15,0,0,0,0,0,0,0,0,0,0,1.52,0,0,0,1.93,1.35,0.1,0,0,0,0,0
0,0,0,0,0,0,0,0,0,0,0,0,0,0,0,0,0,0,0,0,0,0,0,0,0,7.9,0,0,0,0,0,0,0,0,0,0,0,3,0,0,0,0,0,0,0,0,0,0
0,0,0,0,0,0,0,0,0,0,0,0,0,0,0,0,0,0,0,0,0,0,0,0,0,25,152,0,0,0,0,0,0,0,0,0,0,102,0,0,0,0,0,0,0,0,0,0
12,10,2,4,0,0,0,0,0,1,10,6,16,18,16,0,0,0,0,0,1,2,2,14,18,12,16,9,2,0,0,0,0,0,17,14,14,23,11,0,0,0,0,0,0,10,5,12
0,0,0,0,0,2,14,8,5,0,0,0,0,0,0,3,0,5,13,3,0,0,0,0,0,0,0,0,0,12,7,8,4,0,0,0,0,0,0,4,10,10,10,10,6,0,0,0
19,19,19,19,19,19,19,19,19,19,19,19,19,19,19,19,19,19,19,19,19,19,19,19,19,19,19,19,19,19,19,19,19,19,19,19,19,19,19,19,19,19,19,19,19,19,19,19
5,7,24,22,29,31,35,26,22,24,14,12,12,8,16,26,25,26,35,24,26,19,11,16,11,17,7,22,23,31,29,30,26,17,4,6,10,-6,12,21,32,32,37,33,31,13,18,7
-4,2,13,10,13,21,24,21,15,14,7,2,1,3,4,11,16,19,27,18,13,12,5,-1,-4,2,2,8,9,23,23,23,16,10,-6,1,1,-12,4,13,22,23,26,25,19,3,15,-1
0,4,18,16,21,26,30,24,18,19,10,7,6,6,10,18,20,22,31,21,20,16,8,8,4,10,4,15,16,27,26,26,21,14,-1,4,6,-9,8,17,27,28,32,29,25,8,16,3
6,9,14,20,24,30,31,30,26,20,14,8,6,9,14,20,24,30,31,30,26,20,14,8,6,9,14,20,24,30,31,30,26,20,14,8,6,9,14,20,24,30,31,30,26,20,14,8
-2,0,3,9,14,20,22,21,16,10,5,0,-2,0,3,9,14,20,22,21,16,10,5,0,-2,0,3,9,14,20,22,21,16,10,5,0,-2,0,3,9,14,20,22,21,16,10,5,0
2,4,9,14,19,25,27,26,21,15,9,4,2,4,9,14,19,25,27,26,21,15,9,4,2,4,9,14,19,25,27,26,21,15,9,4,2,4,9,14,19,25,27,26,21,15,9,4
-2,0,9,2,2,1,3,-2,-3,4,1,3,4,2,1,4,1,-3,4,-5,-1,1,-1,4,2,6,-5,1,-3,2,-1,0,0,-1,-10,0,4,-13,-1,3,8,3,5,3,4,-7,7,-1
22,23,29,34,36,37,39,37,36,31,25,23,22,23,29,34,36,37,39,37,36,31,25,23,22,23,29,34,36,37,39,37,36,31,25,23,22,23,29,34,36,37,39,37,36,31,25,23
1951*,1939*,1945*,1973*,1997*,1994*,1930*,2002*,1895*,1938*,1928*,1924*,1951*,1939*,1945*,1973*,1997*,1994*,1930*,2002*,1895*,1938*,1928*,1924*,1951*,1939*,1945*,1973*,1997*,1994*,1930*,2002*,1895*,1938*,1928*,1924*,1951*,1939*,1945*,1973*,1997*,1994*,1930*,2002*,1895*,1938*,1928*,1924*
-20,-16,-11,-6,6,11,13,12,7,-1,-8,-14,-20,-16,-11,-6,6,11,13,12,7,-1,-8,-14,-20,-16,-11,-6,6,11,13,12,7,-1,-8,-14,-20,-16,-11,-6,6,11,13,12,7,-1,-8,-14
1994*,1903*,1876*,1875*,1976*,1909*,1911*,1924*,1916*,1880*,1891*,1884*,1994*,1903*,1876*,1875*,1976*,1909*,1911*,1924*,1916*,1880*,1891*,1884*,1994*,1903*,1876*,1875*,1976*,1909*,1911*,1924*,1916*,1880*,1891*,1884*,1994*,1903*,1876*,1875*,1976*,1909*,1911*,1924*,1916*,1880*,1891*,1884*
0,0.2,0.03,0,0,0,1.07,0.91,0,0.61,0,0,0,0.18,0,3.48,0.05,0,0,0,0,0,0,0,0,0.3,0.94,0,0,0,0,0,0,0,0,0,0,0,0,0.94,0,0.3,0,0,0,0,1.6,0
0,0,0,0,0,0,0,0,0,0,0,0,0,0,0,0,0,0,0,0,0,0,0,0,0,0,0,0,0,0,0,0,0,0,0,0,0,3,0,0,0,0,0,0,0,0,0,0
0,0,0,0,0,0,0,0,0,0,0,0,0,0,0,0,0,0,0,0,0,0,0,0,0,0,0,0,0,0,0,0,0,0,0,0,0,102,0,0,0,0,0,0,0,0,0,0
18,14,0,2,0,0,0,0,0,0,8,11,12,12,8,0,0,0,0,0,0,2,10,10,14,8,14,3,2,0,0,0,0,4,19,14,12,27,10,1,0,0,0,0,0,10,2,15
0,0,0,0,3,8,12,6,0,1,0,0,0,0,0,0,2,4,13,3,2,0,0,0,0,0,0,0,0,9,8,8,3,0,0,0,0,0,0,0,9,10,14,11,7,0,0,0
20,20,20,20,20,20,20,20,20,20,20,20,20,20,20,20,20,20,20,20,20,20,20,20,20,20,20,20,20,20,20,20,20,20,20,20,20,20,20,20,20,20,20,20,20,20,20,20
4,10,22,24,27,37,28,28,24,21,14,12,17,5,12,17,28,27,34,32,28,19,9,16,15,13,16,18,25,31,29,32,29,21,13,4,10,-6,8,28,24,33,36,30,28,20,16,8
-2,1,17,11,15,23,21,21,12,11,7,5,3,-3,4,9,19,19,27,21,16,9,2,7,3,3,6,9,13,21,23,22,18,7,2,-1,-1,-15,2,14,17,24,28,23,20,7,6,0
1,6,20,18,21,30,24,24,18,16,10,8,10,1,8,13,24,23,30,26,22,14,6,12,9,8,11,14,19,26,26,27,24,14,8,2,4,-10,5,21,20,28,32,26,24,14,11,4
6,9,14,20,25,30,31,30,26,19,13,7,6,9,14,20,25,30,31,30,26,19,13,7,6,9,14,20,25,30,31,30,26,19,13,7,6,9,14,20,25,30,31,30,26,19,13,7
-2,0,4,9,14,20,22,21,16,9,4,0,-2,0,4,9,14,20,22,21,16,9,4,0,-2,0,4,9,14,20,22,21,16,9,4,0,-2,0,4,9,14,20,22,21,16,9,4,0
2,4,9,15,19,25,27,26,21,14,9,3,2,4,9,15,19,25,27,26,21,14,9,3,2,4,9,15,19,25,27,26,21,14,9,3,2,4,9,15,19,25,27,26,21,14,9,3
-1,2,11,3,2,5,-3,-2,-3,2,1,5,8,-3,-1,-2,5,-2,3,0,1,0,-3,9,7,4,2,-1,0,1,-1,1,3,0,-1,-1,2,-14,-4,6,1,3,5,0,3,0,2,1
21,24,28,34,36,37,41,38,34,30,26,19,21,24,28,34,36,37,41,38,34,30,26,19,21,24,28,34,36,37,41,38,34,30,26,19,21,24,28,34,36,37,41,38,34,30,26,19
1951*,1930*,1945*,1941*,1996*,1931*,1930*,1983*,1895*,1969*,1942*,1889*,1951*,1930*,1945*,1941*,1996*,1931*,1930*,1983*,1895*,1969*,1942*,1889*,1951*,1930*,1945*,1941*,1996*,1931*,1930*,1983*,1895*,1969*,1942*,1889*,1951*,1930*,1945*,1941*,1996*,1931*,1930*,1983*,1895*,1969*,1942*,1889*
-19,-15,-11,-2,6,12,12,10,5,-1,-7,-17,-19,-15,-11,-2,6,12,12,10,5,-1,-7,-17,-19,-15,-11,-2,6,12,12,10,5,-1,-7,-17,-19,-15,-11,-2,6,12,12,10,5,-1,-7,-17
1985*,2015*,1885*,1904*,2002*,1926*,1890*,1896*,1916*,1972*,1901*,1942*,1985*,2015*,1885*,1904*,2002*,1926*,1890*,1896*,1916*,1972*,1901*,1942*,1985*,2015*,1885*,1904*,2002*,1926*,1890*,1896*,1916*,1972*,1901*,1942*,1985*,2015*,1885*,1904*,2002*,1926*,1890*,1896*,1916*,1972*,1901*,1942*
0.13,0,0.28,0,0.03,0,0.48,0,0,0,0,1.42,0,0,0,0.05,0,0,0,0,0,0,0,0,0,0,0,0,0,0,0,0.66,0,0.03,0,0,0,0,1.24,1.96,0,5.92,0,0.43,0,0,0,0
13,0,0,0,0,0,0,0,0,0,0,0,0,0,0,0,0,0,0,0,0,0,0,0,0,0,0,0,0,0,0,0,0,0,0,0,0,0,0,0,0,0,0,0,0,0,0,0
25,0,0,0,0,0,0,0,0,0,0,0,0,0,0,0,0,0,0,0,0,0,0,0,0,0,0,0,0,0,0,0,0,0,0,0,0,102,0,0,0,0,0,0,0,0,0,0
17,12,0,0,0,0,0,0,0,2,8,10,8,17,10,5,0,0,0,0,0,4,12,6,9,10,7,4,0,0,0,0,0,4,10,16,14,28,13,0,0,0,0,0,0,4,7,14
0,0,2,0,3,12,6,6,0,0,0,0,0,0,0,0,6,5,12,8,4,0,0,0,0,0,0,0,1,8,8,9,6,0,0,0,0,0,0,3,2,10,14,8,6,0,0,0
21,21,21,21,21,21,21,21,21,21,21,21,21,21,21,21,21,21,21,21,21,21,21,21,21,21,21,21,21,21,21,21,21,21,21,21,21,21,21,21,21,21,21,21,21,21,21,21
1,10,21,28,24,37,22,30,27,19,14,15,8,5,6,13,28,29,34,32,27,20,11,22,5,21,14,21,27,24,30,32,30,23,4,7,4,2,16,22,17,34,33,30,21,23,13,14
-2,0,15,14,19,26,19,19,15,9,4,4,0,-4,-1,6,20,17,26,23,18,8,2,11,-8,4,7,6,17,21,23,22,18,12,-2,1,1,-10,2,12,12,24,26,22,17,9,3,3
0,5,18,21,22,32,20,24,21,14,9,10,4,0,2,10,24,23,30,28,22,14,6,16,-2,12,10,14,22,22,26,27,24,18,1,4,2,-4,9,17,14,29,30,26,19,16,8,8
6,9,14,20,25,30,31,30,25,19,13,7,6,9,14,20,25,30,31,30,25,19,13,7,6,9,14,20,25,30,31,30,25,19,13,7,6,9,14,20,25,30,31,30,25,19,13,7
-2,0,4,9,14,20,22,21,16,9,4,0,-2,0,4,9,14,20,22,21,16,9,4,0,-2,0,4,9,14,20,22,21,16,9,4,0,-2,0,4,9,14,20,22,21,16,9,4,0
2,5,9,15,20,25,27,25,21,14,9,3,2,5,9,15,20,25,27,25,21,14,9,3,2,5,9,15,20,25,27,25,21,14,9,3,2,5,9,15,20,25,27,25,21,14,9,3
-2,0,9,6,2,7,-7,-1,0,0,0,7,2,-5,-7,-5,4,-2,3,3,1,0,-3,13,-4,7,1,-1,2,-3,-1,2,3,4,-8,1,0,-9,0,2,-6,4,3,1,-2,2,-1,5
21,24,32,32,35,37,40,38,36,29,26,22,21,24,32,32,35,37,40,38,36,29,26,22,21,24,32,32,35,37,40,38,36,29,26,22,21,24,32,32,35,37,40,38,36,29,26,22
1959*,1953*,1921*,1976*,1934*,2012*,1926*,1874*,1895*,1947*,1900*,2013*,1959*,1953*,1921*,1976*,1934*,2012*,1926*,1874*,1895*,1947*,1900*,2013*,1959*,1953*,1921*,1976*,1934*,2012*,1926*,1874*,1895*,1947*,1900*,2013*,1959*,1953*,1921*,1976*,1934*,2012*,1926*,1874*,1895*,1947*,1900*,2013*
-20,-14,-12,-1,5,11,13,12,5,-1,-8,-17,-20,-14,-12,-1,5,11,13,12,5,-1,-8,-17,-20,-14,-12,-1,5,11,13,12,5,-1,-8,-17,-20,-14,-12,-1,5,11,13,12,5,-1,-8,-17
1985*,1885*,1885*,1875*,1907*,1940*,1909*,1908*,1956*,1974*,1872*,1942*,1985*,1885*,1885*,1875*,1907*,1940*,1909*,1908*,1956*,1974*,1872*,1942*,1985*,1885*,1885*,1875*,1907*,1940*,1909*,1908*,1956*,1974*,1872*,1942*,1985*,1885*,1885*,1875*,1907*,1940*,1909*,1908*,1956*,1974*,1872*,1942*
0.58,0,0,0.41,0.08,0,0.53,1.5,0,0,0,0.66,0,0,0,0,0,0,0,0.18,2.21,0,0,0,0.46,0.08,0,0,0.41,0,0,0.03,0,0.58,0,0,0.2,1.78,0,0.41,0.84,0.08,0,0,0.58,0,0,0
15,0,0,0,0,0,0,0,0,0,0,0,0,0,0,0,0,0,0,0,0,0,0,0,97,0,0,0,0,0,0,0,0,0,0,0,9.9,66,0,0,0,0,0,0,0,0,0,0
0,0,0,0,0,0,0,0,0,0,0,0,0,0,0,0,0,0,0,0,0,0,0,0,0,0,0,0,0,0,0,0,0,0,0,0,0,76,0,0,0,0,0,0,0,0,0,0
18,13,0,0,0,0,0,0,0,4,9,8,14,18,16,8,0,0,0,0,0,4,12,2,20,6,8,4,0,0,0,0,0,0,17,14,16,22,9,1,4,0,0,0,0,2,10,10
0,0,0,3,4,14,2,6,3,0,0,0,0,0,0,0,6,5,12,10,4,0,0,0,0,0,0,0,4,4,8,9,6,0,0,0,0,0,0,0,0,11,12,8,1,0,0,0
22,22,22,22,22,22,22,22,22,22,22,22,22,22,22,22,22,22,22,22,22,22,22,22,22,22,22,22,22,22,22,22,22,22,22,22,22,22,22,22,22,22,22,22,22,22,22,22
0,17,26,14,27,36,28,30,29,23,16,7,0,2,10,14,30,30,32,33,24,20,17,22,-7,18,23,22,32,28,31,29,24,14,11,4,9,10,13,23,26,34,32,30,24,24,9,17
-1,6,15,8,19,23,21,20,19,9,2,2,-7,-1,-2,5,21,19,24,23,14,11,8,14,-13,1,7,11,18,20,23,23,15,13,-3,1,2,2,7,11,11,26,22,18,17,10,3,11
0,12,20,11,23,30,24,25,24,16,9,4,-4,0,4,10,26,24,28,28,19,16,12,18,-10,10,15,16,25,24,27,26,20,14,4,2,6,6,10,17,18,30,27,24,20,17,6,14
6,9,14,20,25,30,31,30,25,19,13,7,6,9,14,20,25,30,31,30,25,19,13,7,6,9,14,20,25,30,31,30,25,19,13,7,6,9,14,20,25,30,31,30,25,19,13,7
-2,0,4,10,15,20,22,21,16,9,4,-1,-2,0,4,10,15,20,22,21,16,9,4,-1,-2,0,4,10,15,20,22,21,16,9,4,-1,-2,0,4,10,15,20,22,21,16,9,4,-1
2,5,9,15,20,25,27,25,20,14,8,3,2,5,9,15,20,25,27,25,20,14,8,3,2,5,9,15,20,25,27,25,20,14,8,3,2,5,9,15,20,25,27,25,20,14,8,3
-2,7,11,-4,3,5,-3,0,4,2,1,1,-6,-5,-5,-5,6,-1,1,3,-1,2,4,15,-12,5,6,1,5,-1,0,1,0,0,-4,-1,4,1,1,2,-2,5,0,-1,0,3,-2,11
24,25,32,34,36,38,39,37,37,29,25,M,24,25,32,34,36,38,39,37,37,29,25,M,24,25,32,34,36,38,39,37,37,29,25,M,24,25,32,34,36,38,39,37,37,29,25,M
1927*,1874*,1907*,1985*,1941*,1988*,1926*,1983*,1895*,1979*,2007*,M*,1927*,1874*,1907*,1985*,1941*,1988*,1926*,1983*,1895*,1979*,2007*,M*,1927*,1874*,1907*,1985*,1941*,1988*,1926*,1983*,1895*,1979*,2007*,M*,1927*,1874*,1907*,1985*,1941*,1988*,1926*,1983*,1895*,1979*,2007*,M*
-17,-13,-8,-1,4,11,12,11,4,-2,-11,-16,-17,-13,-8,-1,4,11,12,11,4,-2,-11,-16,-17,-13,-8,-1,4,11,12,11,4,-2,-11,-16,-17,-13,-8,-1,4,11,12,11,4,-2,-11,-16
1893*,1963*,1892*,1875*,1907*,1992*,1890*,1923*,1904*,1895*,1880*,1872*,1893*,1963*,1892*,1875*,1907*,1992*,1890*,1923*,1904*,1895*,1880*,1872*,1893*,1963*,1892*,1875*,1907*,1992*,1890*,1923*,1904*,1895*,1880*,1872*,1893*,1963*,1892*,1875*,1907*,1992*,1890*,1923*,1904*,1895*,1880*,1872*
0,0,0,3.23,0.03,0,0,0.89,0,0,0,0,0,0.15,0,0,0.05,0,0.25,0,0,0,0,0.61,0,0,0,0.08,0,0.23,0,0,0,2.18,0,0.61,0,0.25,0,0,0,0,0,0,0,0,0,0.36
0,0,0,0,0,0,0,0,0,0,0,0,0,0,0,0,0,0,0,0,0,0,0,0,0,0,0,0,0,0,0,0,0,0,0,0,0,0,0,0,0,0,0,0,0,0,0,0
0,0,0,0,0,0,0,0,0,0,0,0,0,0,0,0,0,0,0,0,0,0,0,0,102,0,0,0,0,0,0,0,0,0,0,0,0,102,0,0,0,0,0,0,0,0,0,0
18,6,0,7,0,0,0,0,0,2,9,14,22,18,14,8,0,0,0,0,0,2,6,0,28,8,3,2,0,0,0,0,0,4,14,16,12,12,8,1,0,0,0,0,0,1,12,4
0,0,2,0,5,12,6,7,6,0,0,0,0,0,0,0,8,6,10,10,1,0,0,0,0,0,0,0,7,6,9,8,2,0,0,0,0,0,0,0,0,12,9,6,2,0,0,0
23,23,23,23,23,23,23,23,23,23,23,23,23,23,23,23,23,23,23,23,23,23,23,23,23,23,23,23,23,23,23,23,23,23,23,23,23,23,23,23,23,23,23,23,23,23,23,23
7,19,28,10,27,33,32,32,22,26,16,8,-2,8,13,17,28,30,32,26,21,16,15,18,-2,18,11,16,27,29,34,24,24,20,14,9,6,5,11,16,24,36,31,29,27,21,6,19
0,8,15,6,19,23,24,21,13,11,2,-2,-9,1,0,9,19,22,24,19,12,8,1,5,-11,8,1,9,16,20,24,22,12,12,3,4,-1,-7,2,7,12,24,22,18,16,11,0,12
4,14,22,8,23,28,28,26,18,18,9,3,-6,4,6,13,24,26,28,22,16,12,8,12,-6,13,6,12,22,24,29,23,18,16,8,6,2,-1,6,12,18,30,26,24,22,16,3,16
6,9,15,21,25,30,31,30,25,19,13,7,6,9,15,21,25,30,31,30,25,19,13,7,6,9,15,21,25,30,31,30,25,19,13,7,6,9,15,21,25,30,31,30,25,19,13,7
-2,0,4,10,15,20,22,21,15,9,4,-1,-2,0,4,10,15,20,22,21,15,9,4,-1,-2,0,4,10,15,20,22,21,15,9,4,-1,-2,0,4,10,15,20,22,21,15,9,4,-1
2,5,9,15,20,25,27,25,20,14,8,3,2,5,9,15,20,25,27,25,20,14,8,3,2,5,9,15,20,25,27,25,20,14,8,3,2,5,9,15,20,25,27,25,20,14,8,3
2,9,13,-7,3,3,1,1,-2,4,1,0,-8,-1,-3,-2,4,1,1,-3,-4,-2,0,9,-8,8,-3,-3,2,-1,2,-2,-2,2,0,3,0,-6,-3,-3,-2,5,-1,-1,2,2,-5,13
22,26,34,35,36,37,39,37,37,29,24,22,22,26,34,35,36,37,39,37,37,29,24,22,22,26,34,35,36,37,39,37,37,29,24,22,22,26,34,35,36,37,39,37,37,29,24,22
1974*,1874*,1907*,1960*,1925*,1988*,2011*,1936*,1895*,1978*,1979*,1990*,1974*,1874*,1907*,1960*,1925*,1988*,2011*,1936*,1895*,1978*,1979*,1990*,1974*,1874*,1907*,1960*,1925*,1988*,2011*,1936*,1895*,1978*,1979*,1990*,1974*,1874*,1907*,1960*,1925*,1988*,2011*,1936*,1895*,1978*,1979*,1990*
-18,-12,-9,1,7,11,13,11,2,1,-11,-14,-18,-12,-9,1,7,11,13,11,2,1,-11,-14,-18,-12,-9,1,7,11,13,11,2,1,-11,-14,-18,-12,-9,1,7,11,13,11,2,1,-11,-14
1936*,1907*,1888*,1933*,1961*,1918*,1890*,1925*,1904*,1969*,1880*,1989*,1936*,1907*,1888*,1933*,1961*,1918*,1890*,1925*,1904*,1969*,1880*,1989*,1936*,1907*,1888*,1933*,1961*,1918*,1890*,1925*,1904*,1969*,1880*,1989*,1936*,1907*,1888*,1933*,1961*,1918*,1890*,1925*,1904*,1969*,1880*,1989*
0.08,0,0,0.25,0.79,0,0,0,0,0,0,0,0,0.2,0,0,0.43,1.17,0,0.28,0,0.18,0,2.16,0,0,0,0,0,0,0,0.53,0,0,0.33,0.13,1.65,0,0,0,0,2.13,0,0,0,0,0,4.24
0,0,0,0,0,0,0,0,0,0,0,0,0,0,0,0,0,0,0,0,0,0,0,0,0,0,0,0,0,0,0,0,0,0,0,0,0,0,0,0,0,0,0,0,0,0,0,0
0,0,0,0,0,0,0,0,0,0,0,0,0,0,0,0,0,0,0,0,0,0,0,0,76,0,0,0,0,0,0,0,0,0,0,0,0,25,0,0,0,0,0,0,0,0,0,0
14,4,0,10,0,0,0,0,0,0,9,15,24,14,12,5,0,0,0,0,2,6,10,6,24,5,12,6,0,0,0,0,0,2,10,12,16,19,12,6,0,0,0,0,0,2,15,2
0,0,4,0,5,10,10,8,0,0,0,0,0,0,0,0,6,8,10,4,0,0,0,0,0,0,0,0,4,6,11,5,0,0,0,0,0,0,0,0,0,12,8,6,4,0,0,0
24,24,24,24,24,24,24,24,24,24,24,24,24,24,24,24,24,24,24,24,24,24,24,24,24,24,24,24,24,24,24,24,24,24,24,24,24,24,24,24,24,24,24,24,24,24,24,24
13,14,19,18,28,34,34,31,21,29,10,5,-2,12,7,26,19,32,30,29,24,12,1,6,-4,9,6,19,26,31,28,28,23,22,23,15,7,-1,8,17,28,30,32,33,26,17,13,22
3,8,12,6,21,22,23,22,13,15,2,-1,-7,2,1,9,9,23,23,18,11,6,-3,-3,-12,1,-3,7,14,21,22,20,15,13,13,8,3,-10,3,4,14,21,21,22,16,8,1,16
8,11,16,12,24,28,28,26,17,22,6,2,-4,7,4,18,14,28,26,24,18,9,-1,2,-8,5,2,13,20,26,25,24,19,18,18,12,5,-6,6,10,21,26,26,28,21,12,7,19
6,10,15,21,25,30,31,30,25,19,12,7,6,10,15,21,25,30,31,30,25,19,12,7,6,10,15,21,25,30,31,30,25,19,12,7,6,10,15,21,25,30,31,30,25,19,12,7
-2,0,4,10,15,20,22,21,15,9,4,-1,-2,0,4,10,15,20,22,21,15,9,4,-1,-2,0,4,10,15,20,22,21,15,9,4,-1,-2,0,4,10,15,20,22,21,15,9,4,-1
2,5,10,15,20,25,27,25,20,14,8,3,2,5,10,15,20,25,27,25,20,14,8,3,2,5,10,15,20,25,27,25,20,14,8,3,2,5,10,15,20,25,27,25,20,14,8,3
6,6,6,-3,4,3,1,1,-3,8,-2,-1,-6,2,-6,3,-6,3,-1,-1,-2,-5,-9,-1,-10,0,-8,-2,0,1,-2,-1,-1,4,10,9,3,-11,-4,-5,1,1,-1,3,1,-2,-1,16
23,26,29,34,33,38,38,37,37,29,23,22,23,26,29,34,33,38,38,37,37,29,23,22,23,26,29,34,33,38,38,37,37,29,23,22,23,26,29,34,33,38,38,37,37,29,23,22
1950*,1985*,1907*,1960*,1964*,2010*,2010*,1968*,2010*,2012*,2014*,2015*,1950*,1985*,1907*,1960*,1964*,2010*,2010*,1968*,2010*,2012*,2014*,2015*,1950*,1985*,1907*,1960*,1964*,2010*,2010*,1968*,2010*,2012*,2014*,2015*,1950*,1985*,1907*,1960*,1964*,2010*,2010*,1968*,2010*,2012*,2014*,2015*
-16,-17,-8,1,5,8,14,9,4,-2,-11,-15,-16,-17,-8,1,5,8,14,9,4,-2,-11,-15,-16,-17,-8,1,5,8,14,9,4,-2,-11,-15,-16,-17,-8,1,5,8,14,9,4,-2,-11,-15
1963*,1873*,1885*,1930*,1905*,1902*,1947*,1890*,1963*,1969*,1880*,1983*,1963*,1873*,1885*,1930*,1905*,1902*,1947*,1890*,1963*,1969*,1880*,1983*,1963*,1873*,1885*,1930*,1905*,1902*,1947*,1890*,1963*,1969*,1880*,1983*,1963*,1873*,1885*,1930*,1905*,1902*,1947*,1890*,1963*,1969*,1880*,1983*
0,0.79,0.25,0,0,0,0,0,0,0,0,0.36,0.08,0,0.1,0,0.03,0.05,0,0,0,0,0,0,0,0,0,0,0,0,0.03,0,0.1,0,0.46,2.24,1.22,0,0,0,0,0,0,1.04,0,0,0,0.51
0,0,0,0,0,0,0,0,0,0,0,0,9.9,0,0,0,0,0,0,0,0,0,0,0,0,0,0,0,0,0,0,0,0,0,0,0,0,0,0,0,0,0,0,0,0,0,0,0
0,0,0,0,0,0,0,0,0,0,0,0,0,0,0,0,0,0,0,0,0,0,0,0,76,0,0,0,0,0,0,0,0,0,0,0,0,0,0,0,0,0,0,0,0,0,0,0
10,7,2,6,0,0,0,0,1,0,12,16,22,11,14,0,4,0,0,0,0,9,19,16,26,13,16,5,0,0,0,0,0,0,0,6,13,24,12,8,0,0,0,0,0,6,11,0
0,0,0,0,6,10,10,8,0,4,0,0,0,0,0,0,0,10,8,6,0,0,0,0,0,0,0,0,2,8,7,6,1,0,0,0,0,0,0,0,3,8,8,10,3,0,0,1
25,25,25,25,25,25,25,25,25,25,25,25,25,25,25,25,25,25,25,25,25,25,25,25,25,25,25,25,25,25,25,25,25,25,25,25,25,25,25,25,25,25,25,25,25,25,25,25
9,8,17,22,30,32,32,28,24,22,6,11,-4,11,4,18,20,34,28,28,26,14,3,1,2,4,2,21,29,32,29,29,21,23,21,16,11,6,12,12,29,31,32,29,23,22,14,21
2,2,11,7,22,21,22,22,12,17,1,1,-7,-1,1,8,8,22,18,18,12,3,-4,-6,-6,-1,-1,9,16,24,18,19,17,9,9,8,2,-6,2,7,19,21,22,21,17,12,3,14
6,5,14,14,26,26,27,25,18,20,4,6,-6,5,2,13,14,28,23,23,19,8,0,-2,-2,2,0,15,22,28,24,24,19,16,15,12,6,0,7,10,24,26,27,25,20,17,8,18
7,10,15,21,25,30,31,30,24,19,12,7,7,10,15,21,25,30,31,30,24,19,12,7,7,10,15,21,25,30,31,30,24,19,12,7,7,10,15,21,25,30,31,30,24,19,12,7
-2,0,5,10,15,21,22,20,15,9,4,-1,-2,0,5,10,15,21,22,20,15,9,4,-1,-2,0,5,10,15,21,22,20,15,9,4,-1,-2,0,5,10,15,21,22,20,15,9,4,-1
2,5,10,15,20,26,27,25,20,14,8,3,2,5,10,15,20,26,27,25,20,14,8,3,2,5,10,15,20,26,27,25,20,14,8,3,2,5,10,15,20,26,27,25,20,14,8,3
4,0,4,-1,6,0,0,0,-2,6,-4,3,-8,0,-8,-2,-6,2,-4,-2,-1,-6,-8,-5,-4,-3,-10,0,2,2,-3,-1,-1,2,7,9,4,-5,-3,-5,4,0,0,0,0,3,0,15
24,29,29,34,34,38,38,36,35,27,26,22,24,29,29,34,34,38,38,36,35,27,26,22,24,29,29,34,34,38,38,36,35,27,26,22,24,29,29,34,34,38,38,36,35,27,26,22
1950*,1930*,1939*,1960*,1880*,1997*,1930*,1998*,1930*,1902*,1973*,1964*,1950*,1930*,1939*,1960*,1880*,1997*,1930*,1998*,1930*,1902*,1973*,1964*,1950*,1930*,1939*,1960*,1880*,1997*,1930*,1998*,1930*,1902*,1973*,1964*,1950*,1930*,1939*,1960*,1880*,1997*,1930*,1998*,1930*,1902*,1973*,1964*
-16,-18,-7,0,6,12,14,12,4,-1,-8,-16,-16,-18,-7,0,6,12,14,12,4,-1,-8,-16,-16,-18,-7,0,6,12,14,12,4,-1,-8,-16,-16,-18,-7,0,6,12,14,12,4,-1,-8,-16
1935*,1914*,1948*,1883*,1877*,1902*,1915*,1935*,1963*,1937*,1950*,1983*,1935*,1914*,1948*,1883*,1877*,1902*,1915*,1935*,1963*,1937*,1950*,1983*,1935*,1914*,1948*,1883*,1877*,1902*,1915*,1935*,1963*,1937*,1950*,1983*,1935*,1914*,1948*,1883*,1877*,1902*,1915*,1935*,1963*,1937*,1950*,1983*
0,0,0.51,0,0,0,0,0.15,0,0,0,0,0.05,0,1.32,0.03,0,0,0,0,0,0,0,0,0,0.28,0.74,0.99,0,1.14,0,0,1.63,0,0,0.3,0,0,0,0.69,0,1.22,0,0,0,0.08,0,0.76
0,0,0,0,0,0,0,0,0,0,0,0,9.9,0,36.1,0,0,0,0,0,0,0,0,0,0,71.1,42.9,0,0,0,0,0,0,0,0,0,0,0,0,0,0,0,0,0,0,0,0,0
0,0,0,0,0,0,0,0,0,0,0,0,0,0,0,0,0,0,0,0,0,0,0,0,51,0,0,0,0,0,0,0,0,0,0,0,0,0,0,0,0,0,0,0,0,0,0,0
12,13,4,4,0,0,0,0,0,0,14,12,24,13,16,5,4,0,0,0,0,10,18,20,20,16,18,3,0,0,0,0,0,2,3,6,12,18,11,8,0,0,0,0,0,1,10,0
0,0,0,0,8,8,9,7,0,2,0,0,0,0,0,0,0,10,5,5,1,0,0,0,0,0,0,0,4,10,6,6,1,0,0,0,0,0,0,0,6,8,9,7,2,0,0,0
26,26,26,26,26,26,26,26,26,26,26,26,26,26,26,26,26,26,26,26,26,26,26,26,26,26,26,26,26,26,26,26,26,26,26,26,26,26,26,26,26,26,26,26,26,26,26,26
13,9,16,18,30,28,38,29,29,22,13,7,3,8,11,20,23,33,29,32,25,14,9,7,2,3,4,26,31,32,31,32,26,23,11,11,8,4,25,19,31,28,33,28,23,16,18,16
4,1,6,13,22,17,23,22,18,16,0,1,-4,1,2,8,11,23,19,18,15,2,2,-3,-7,-3,-1,10,18,23,22,19,17,11,2,2,-2,-1,9,7,21,21,23,19,18,8,4,11
8,5,11,16,26,22,30,26,24,19,6,4,0,4,6,14,17,28,24,25,20,8,6,2,-2,0,2,18,24,28,26,26,22,17,6,6,3,2,17,13,26,24,28,24,20,12,11,14
7,10,15,21,26,31,31,30,24,18,12,7,7,10,15,21,26,31,31,30,24,18,12,7,7,10,15,21,26,31,31,30,24,18,12,7,7,10,15,21,26,31,31,30,24,18,12,7
-2,0,5,10,15,21,22,20,15,8,3,-1,-2,0,5,10,15,21,22,20,15,8,3,-1,-2,0,5,10,15,21,22,20,15,8,3,-1,-2,0,5,10,15,21,22,20,15,8,3,-1
2,5,10,16,21,26,27,25,19,13,8,3,2,5,10,16,21,26,27,25,19,13,8,3,2,5,10,16,21,26,27,25,19,13,8,3,2,5,10,16,21,26,27,25,19,13,8,3
6,0,1,0,5,-4,3,1,5,6,-2,1,-2,-1,-4,-2,-4,2,-3,0,1,-5,-2,-1,-4,-5,-8,2,3,2,-1,1,3,4,-2,3,1,-3,7,-3,5,-2,1,-1,1,-1,3,11
26,23,31,34,36,38,39,36,36,28,23,22,26,23,31,34,36,38,39,36,36,28,23,22,26,23,31,34,36,38,39,36,36,28,23,22,26,23,31,34,36,38,39,36,36,28,23,22
1950*,1932*,1921*,1915*,1880*,1952*,1930*,1948*,1930*,1978*,1979*,1889*,1950*,1932*,1921*,1915*,1880*,1952*,1930*,1948*,1930*,1978*,1979*,1889*,1950*,1932*,1921*,1915*,1880*,1952*,1930*,1948*,1930*,1978*,1979*,1889*,1950*,1932*,1921*,1915*,1880*,1952*,1930*,1948*,1930*,1978*,1979*,1889*
-15,-11,-5,1,6,13,12,12,3,-2,-8,-16,-15,-11,-5,1,6,13,12,12,3,-2,-8,-16,-15,-11,-5,1,6,13,12,12,3,-2,-8,-16,-15,-11,-5,1,6,13,12,12,3,-2,-8,-16
1948*,1970*,1955*,1883*,1899*,1979*,1920*,1942*,1879*,1879*,1950*,1935*,1948*,1970*,1955*,1883*,1899*,1979*,1920*,1942*,1879*,1879*,1950*,1935*,1948*,1970*,1955*,1883*,1899*,1979*,1920*,1942*,1879*,1879*,1950*,1935*,1948*,1970*,1955*,1883*,1899*,1979*,1920*,1942*,1879*,1879*,1950*,1935*
0,0,0,0.08,0,0,0,0.71,0.13,0,0,3.61,0,1.57,0,0,0,0.03,0,0,0,0,3.71,0,0,0.18,0,0.05,0,0,0,0,0,0,2.69,0,0.53,0.36,0.89,0,0,0,0,0,0,0,0,0.03
0,0,0,0,0,0,0,0,0,0,0,5.1,0,0,0,0,0,0,0,0,0,0,0,0,0,24.9,0,0,0,0,0,0,0,0,0,0,13,55.9,0,0,0,0,0,0,0,0,0,0
0,0,0,0,0,0,0,0,0,0,0,0,0,0,0,0,0,0,0,0,0,0,0,0,25,0,0,0,0,0,0,0,0,0,0,0,0,0,0,0,0,0,0,0,0,0,0,0
10,13,7,2,0,0,0,0,0,0,12,14,18,14,12,4,1,0,0,0,0,10,12,16,20,18,16,0,0,0,0,0,0,1,12,12,15,16,1,5,0,0,0,0,0,6,7,4
0,0,0,0,8,4,12,8,6,1,0,0,0,0,0,0,0,10,6,7,2,0,0,0,0,0,0,0,6,10,8,8,4,0,0,0,0,0,0,0,8,6,10,6,2,0,0,0
27,27,27,27,27,27,27,27,27,27,27,27,27,27,27,27,27,27,27,27,27,27,27,27,27,27,27,27,27,27,27,27,27,27,27,27,27,27,27,27,27,27,27,27,27,27,27,27
17,18,13,18,31,32,35,31,29,21,7,6,3,14,11,23,23,29,30,34,24,17,6,10,12,6,11,21,33,31,31,32,29,22,9,16,3,2,11,17,32,26,32,28,24,15,18,21
5,2,1,9,21,19,25,22,19,15,2,3,-3,6,4,9,11,22,22,23,15,6,-1,-1,-5,-6,-3,10,21,22,23,21,16,8,3,2,-1,-4,5,8,24,21,23,17,17,7,6,11
11,10,7,14,26,26,30,26,24,18,4,4,0,10,8,16,17,26,26,28,20,12,2,4,4,0,4,16,27,26,27,26,22,15,6,9,1,-1,8,12,28,24,28,22,20,11,12,16
7,10,15,21,26,31,31,30,24,18,12,7,7,10,15,21,26,31,31,30,24,18,12,7,7,10,15,21,26,31,31,30,24,18,12,7,7,10,15,21,26,31,31,30,24,18,12,7
-2,1,5,10,16,21,22,20,14,8,3,-1,-2,1,5,10,16,21,22,20,14,8,3,-1,-2,1,5,10,16,21,22,20,14,8,3,-1,-2,1,5,10,16,21,22,20,14,8,3,-1
2,5,10,16,21,26,26,25,19,13,8,3,2,5,10,16,21,26,26,25,19,13,8,3,2,5,10,16,21,26,26,25,19,13,8,3,2,5,10,16,21,26,26,25,19,13,8,3
9,5,-3,-2,5,0,4,1,5,5,-4,1,-2,5,-2,0,-4,0,0,3,1,-1,-6,1,2,-5,-6,0,6,0,1,1,3,2,-2,6,-1,-6,-2,-4,7,-2,2,-3,1,-2,4,13
24,25,30,35,35,37,38,38,35,28,24,22,24,25,30,35,35,37,38,38,35,28,24,22,24,25,30,35,35,37,38,38,35,28,24,22,24,25,30,35,35,37,38,38,35,28,24,22
1974*,1997*,1921*,1915*,1965*,2010*,1940*,1987*,1998*,1963*,1896*,1971*,1974*,1997*,1921*,1915*,1965*,2010*,1940*,1987*,1998*,1963*,1896*,1971*,1974*,1997*,1921*,1915*,1965*,2010*,1940*,1987*,1998*,1963*,1896*,1971*,1974*,1997*,1921*,1915*,1965*,2010*,1940*,1987*,1998*,1963*,1896*,1971*
-14,-13,-7,3,6,14,13,11,4,-1,-10,-17,-14,-13,-7,3,6,14,13,11,4,-1,-10,-17,-14,-13,-7,3,6,14,13,11,4,-1,-10,-17,-14,-13,-7,3,6,14,13,11,4,-1,-10,-17
1935*,1934*,1894*,1933*,1915*,1927*,1920*,1885*,1879*,1962*,1938*,1914*,1935*,1934*,1894*,1933*,1915*,1927*,1920*,1885*,1879*,1962*,1938*,1914*,1935*,1934*,1894*,1933*,1915*,1927*,1920*,1885*,1879*,1962*,1938*,1914*,1935*,1934*,1894*,1933*,1915*,1927*,1920*,1885*,1879*,1962*,1938*,1914*
1.6,0,0,0,0.13,0,0,0,1.24,0,0.15,0.05,0,0.03,0.03,0,0,0.58,0.66,0,0,0,1.88,0,0,0,0,0,2.31,0,0.25,0,0,0,0,0,0.03,0,0.91,0,0.03,6.99,2.39,0,0,0,0,0.05
0,0,0,0,0,0,0,0,0,0,0,0,0,0,0,0,0,0,0,0,0,0,0,0,0,0,0,0,0,0,0,0,0,0,0,0,3,0,0,0,0,0,0,0,0,0,0,0
0,0,0,0,0,0,0,0,0,0,0,0,0,0,0,0,0,0,0,0,0,0,0,0,0,0,0,0,0,0,0,0,0,0,0,0,0,0,0,0,0,0,0,0,0,0,0,0
7,8,11,4,0,0,0,0,0,0,14,14,18,8,10,2,1,0,0,0,0,6,16,14,14,18,14,2,0,0,0,0,0,3,12,9,17,19,10,6,0,0,0,0,0,7,6,2
0,0,0,0,8,8,12,8,6,0,0,0,0,0,0,0,0,8,8,10,2,0,0,0,0,0,0,0,9,8,9,8,4,0,0,0,0,0,0,0,10,6,10,4,2,0,0,0
28,28,28,28,28,28,28,28,28,28,28,28,28,28,28,28,28,28,28,28,28,28,28,28,28,28,28,28,28,28,28,28,28,28,28,28,28,28,28,28,28,28,28,28,28,28,28,28
13,13,22,13,32,36,36,33,27,17,10,7,8,9,10,20,29,32,29,28,23,19,4,14,-5,-1,20,17,31,31,30,30,28,27,6,14,4,1,6,22,33,28,34,28,28,21,18,16
1,4,8,7,21,21,23,24,18,12,3,2,1,6,4,11,17,21,22,24,16,6,-2,-1,-11,-10,8,10,17,21,22,22,16,14,1,7,-4,-7,-1,9,23,19,25,18,19,13,9,5
7,8,15,10,26,28,30,28,22,14,6,4,4,8,7,16,23,26,26,26,20,12,1,6,-8,-6,14,14,24,26,26,26,22,20,4,10,0,-3,2,16,28,24,30,23,24,17,14,10
7,10,16,21,26,31,31,29,24,18,12,7,7,10,16,21,26,31,31,29,24,18,12,7,7,10,16,21,26,31,31,29,24,18,12,7,7,10,16,21,26,31,31,29,24,18,12,7
-2,1,5,10,16,21,22,20,14,8,3,-1,-2,1,5,10,16,21,22,20,14,8,3,-1,-2,1,5,10,16,21,22,20,14,8,3,-1,-2,1,5,10,16,21,22,20,14,8,3,-1
2,5,10,16,21,26,26,25,19,13,7,3,2,5,10,16,21,26,26,25,19,13,7,3,2,5,10,16,21,26,26,25,19,13,7,3,2,5,10,16,21,26,26,25,19,13,7,3
5,3,5,-6,5,2,4,3,3,1,-1,1,2,3,-3,0,2,0,0,1,1,-1,-6,3,-10,-11,4,-2,3,0,0,1,3,7,-3,7,-2,-8,-8,0,7,-2,4,-2,5,4,7,7
23,28,29,33,36,38,38,37,33,31,23,24,23,28,29,33,36,38,38,37,33,31,23,24,23,28,29,33,36,38,38,37,33,31,23,24,23,28,29,33,36,38,38,37,33,31,23,24
1949*,1948*,1945*,1957*,1941*,1969*,1997*,1948*,1886*,1919*,1973*,1946*,1949*,1948*,1945*,1957*,1941*,1969*,1997*,1948*,1886*,1919*,1973*,1946*,1949*,1948*,1945*,1957*,1941*,1969*,1997*,1948*,1886*,1919*,1973*,1946*,1949*,1948*,1945*,1957*,1941*,1969*,1997*,1948*,1886*,1919*,1973*,1946*
-19,-18,-6,1,6,12,13,10,6,-3,-9,-12,-19,-18,-6,1,6,12,13,10,6,-3,-9,-12,-19,-18,-6,1,6,12,13,10,6,-3,-9,-12,-19,-18,-6,1,6,12,13,10,6,-3,-9,-12
1935*,1934*,1894*,1898*,1961*,1927*,1920*,1874*,1947*,1936*,1930*,1914*,1935*,1934*,1894*,1898*,1961*,1927*,1920*,1874*,1947*,1936*,1930*,1914*,1935*,1934*,1894*,1898*,1961*,1927*,1920*,1874*,1947*,1936*,1930*,1914*,1935*,1934*,1894*,1898*,1961*,1927*,1920*,1874*,1947*,1936*,1930*,1914*
0,0,0.03,0.3,0,0,0.69,0.08,0.61,0.38,0,0,0.33,0.03,0,0,3.4,7.26,0,0.03,0,0,0,0,0,0,0.1,0.28,0.08,0,0,0,0,0,0,0.2,0,0,0,0,0,0,0,0,0,1.65,0,0.58
0,0,0,0,0,0,0,0,0,0,0,0,3,0,0,0,0,0,0,0,0,0,0,0,13,0,0,0,0,0,0,0,0,0,0,0,0,0,0,0,0,0,0,0,0,0,0,0
0,0,0,0,0,0,0,0,0,0,0,0,0,0,0,0,0,0,0,0,0,0,0,0,0,0,0,0,0,0,0,0,0,0,0,0,0,0,0,0,0,0,0,0,0,0,0,0
11,10,3,8,0,0,0,0,0,4,12,14,14,10,11,2,0,0,0,0,0,6,17,12,26,24,4,4,0,0,0,0,0,0,14,8,18,21,16,2,0,0,0,0,0,1,4,8
0,0,0,0,8,10,12,10,4,0,0,0,0,0,0,0,5,8,8,8,2,0,0,0,0,0,0,0,6,8,8,8,4,2,0,0,0,0,0,0,10,6,12,5,6,0,0,0
29,29,29,29,29,29,29,29,29,29,29,29,29,,29,29,29,29,29,29,29,29,29,29,29,,29,29,29,29,29,29,29,29,29,29,29,,29,29,29,29,29,29,29,29,29,29
9,13,21,22,33,40,32,31,23,13,10,7,21,,16,17,32,31,29,31,25,18,7,11,-3,,17,11,17,31,26,29,23,21,9,9,4,,9,26,31,29,33,32,27,23,15,12
0,4,10,8,21,22,22,21,14,8,-1,1,5,,6,12,21,21,20,23,12,7,-2,6,-11,,12,7,14,21,18,18,18,11,1,6,-3,,-2,11,23,17,26,19,22,13,7,7
4,8,16,15,27,31,27,26,18,10,4,4,13,,11,14,26,26,24,27,18,12,2,8,-7,,14,9,16,26,22,24,20,16,5,8,0,,4,18,27,23,30,26,24,18,11,10
7,10,16,22,26,31,31,29,24,18,11,7,7,,16,22,26,31,31,29,24,18,11,7,7,,16,22,26,31,31,29,24,18,11,7,7,,16,22,26,31,31,29,24,18,11,7
-2,1,5,11,16,21,22,20,14,8,3,-1,-2,,5,11,16,21,22,20,14,8,3,-1,-2,,5,11,16,21,22,20,14,8,3,-1,-2,,5,11,16,21,22,20,14,8,3,-1
2,6,11,16,21,26,26,25,19,13,7,3,2,,11,16,21,26,26,25,19,13,7,3,2,,11,16,21,26,26,25,19,13,7,3,2,,11,16,21,26,26,25,19,13,7,3
2,2,5,-1,6,5,1,1,-1,-3,-3,1,11,,0,-2,5,0,-2,2,-1,-1,-5,5,-9,,3,-7,-5,0,-4,-1,1,3,-2,5,-2,,-7,2,6,-3,4,1,5,5,4,7
24,25,33,33,36,40,40,37,34,28,24,24,24,,33,33,36,40,40,37,34,28,24,24,24,,33,33,36,40,40,37,34,28,24,24,24,,33,33,36,40,40,37,34,28,24,24
1975*,1976*,1907*,1974*,1991*,2012*,2011*,1973*,1954*,1918*,1905*,1984*,1975*,,1907*,1974*,1991*,2012*,2011*,1973*,1954*,1918*,1905*,1984*,1975*,,1907*,1974*,1991*,2012*,2011*,1973*,1954*,1918*,1905*,1984*,1975*,,1907*,1974*,1991*,2012*,2011*,1973*,1954*,1918*,1905*,1984*
-17,-13,-8,-1,5,12,14,9,4,-1,-10,-17,-17,,-8,-1,5,12,14,9,4,-1,-10,-17,-17,,-8,-1,5,12,14,9,4,-1,-10,-17,-17,,-8,-1,5,12,14,9,4,-1,-10,-17
1873*,1884*,1923*,1874*,1894*,1888*,1920*,1986*,1942*,1976*,1930*,1917*,1873*,,1923*,1874*,1894*,1888*,1920*,1986*,1942*,1976*,1930*,1917*,1873*,,1923*,1874*,1894*,1888*,1920*,1986*,1942*,1976*,1930*,1917*,1873*,,1923*,1874*,1894*,1888*,1920*,1986*,1942*,1976*,1930*,1917*
0,3.66,0,0.08,1.3,1.5,0,0,0,9.78,0,0.46,0,,0,0.58,0,0,0,0,0,0,0,3.33,0.08,,2.59,3.07,0.74,0,0,0,0,0.08,0,0.13,0.13,,0,0,0,0,0,0,4.19,0.08,0.43,1.27
0,0,0,0,0,0,0,0,0,0,0,0,0,,0,0,0,0,0,0,0,0,0,0,9.9,,0,0,0,0,0,0,0,0,0,0,0,,0,0,0,0,0,0,0,0,0,0
0,0,0,0,0,0,0,0,0,0,0,0,0,,0,0,0,0,0,0,0,0,0,0,25,,0,0,0,0,0,0,0,0,0,0,0,,0,0,0,0,0,0,0,0,0,0
14,10,2,3,0,0,0,0,0,8,14,14,5,,7,4,0,0,0,0,0,6,16,10,25,,4,9,2,0,0,0,0,2,13,10,18,,14,0,0,0,0,0,0,0,7,8
0,0,0,0,9,13,9,8,0,0,0,0,0,,0,0,8,8,6,9,0,0,0,0,0,,0,0,0,8,4,6,2,0,0,0,0,,0,0,9,5,12,8,6,0,0,0
30,,30,30,30,30,30,30,30,30,30,30,30,,30,30,30,30,30,30,30,30,30,30,30,,30,30,30,30,30,30,30,30,30,30,30,,30,30,30,30,30,30,30,30,30,30
9,,12,19,28,36,32,32,23,8,12,6,22,,16,17,32,31,29,31,24,18,4,9,1,,12,19,24,32,27,30,26,17,19,7,6,,19,23,32,32,33,31,26,16,7,13
1,,6,10,21,22,24,21,12,6,1,0,11,,5,13,21,24,19,22,13,12,-2,2,-9,,2,11,15,22,16,21,19,9,6,-1,-5,,6,13,22,22,26,21,17,8,4,9
5,,9,14,24,29,28,26,18,7,6,3,16,,10,15,26,28,24,26,18,15,1,6,-4,,7,15,20,27,22,26,22,13,12,3,0,,12,18,27,27,30,26,22,12,6,11
7,,16,22,26,31,31,29,23,18,11,7,7,,16,22,26,31,31,29,23,18,11,7,7,,16,22,26,31,31,29,23,18,11,7,7,,16,22,26,31,31,29,23,18,11,7
-2,,5,11,16,21,22,20,14,8,3,-1,-2,,5,11,16,21,22,20,14,8,3,-1,-2,,5,11,16,21,22,20,14,8,3,-1,-2,,5,11,16,21,22,20,14,8,3,-1
2,,11,16,21,26,26,25,18,13,7,3,2,,11,16,21,26,26,25,18,13,7,3,2,,11,16,21,26,26,25,18,13,7,3,2,,11,16,21,26,26,25,18,13,7,3
3,,-2,-2,3,3,2,1,0,-6,-1,0,14,,-1,-1,5,2,-2,1,0,2,-6,3,-6,,-4,-1,-1,1,-4,1,4,0,5,0,-2,,1,2,6,1,4,1,4,-1,-1,8
25,,31,33,37,38,37,37,33,28,24,21,25,,31,33,37,38,37,37,33,28,24,21,25,,31,33,37,38,37,37,33,28,24,21,25,,31,33,37,38,37,37,33,28,24,21
2002*,,1998*,1910*,1991*,1959*,1953*,1953*,1986*,1996*,1933*,1990*,2002*,,1998*,1910*,1991*,1959*,1953*,1953*,1986*,1996*,1933*,1990*,2002*,,1998*,1910*,1991*,1959*,1953*,1953*,1986*,1996*,1933*,1990*,2002*,,1998*,1910*,1991*,1959*,1953*,1953*,1986*,1996*,1933*,1990*
-21,,-6,1,7,10,13,10,3,-3,-12,-22,-21,,-6,1,7,10,13,10,3,-3,-12,-22,-21,,-6,1,7,10,13,10,3,-3,-12,-22,-21,,-6,1,7,10,13,10,3,-3,-12,-22
1873*,,1887*,1874*,1884*,1919*,1914*,1986*,1942*,1873*,1929*,1880*,1873*,,1887*,1874*,1884*,1919*,1914*,1986*,1942*,1873*,1929*,1880*,1873*,,1887*,1874*,1884*,1919*,1914*,1986*,1942*,1873*,1929*,1880*,1873*,,1887*,1874*,1884*,1919*,1914*,1986*,1942*,1873*,1929*,1880*
0,,0,0,0,0,0,0,0,2.13,0,0,2.18,,0,0.05,0,0.71,0,0,0,0.15,0,0,0,,2.67,6.86,0,0,0,0,0,0,0,0,0,,0.05,1.37,0,0.03,1.35,0,0,0,0.51,0.38
0,,0,0,0,0,0,0,0,0,0,0,0,,0,0,0,0,0,0,0,0,0,0,0,,0,0,0,0,0,0,0,0,0,0,0,,0,0,0,0,0,0,0,0,0,0
0,,0,0,0,0,0,0,0,0,0,0,0,,0,0,0,0,0,0,0,0,0,0,0,,0,0,0,0,0,0,0,0,0,0,0,,0,0,0,0,0,0,0,0,0,0
13,,9,4,0,0,0,0,0,11,12,15,2,,8,3,0,0,0,0,0,3,17,12,22,,11,3,0,0,0,0,0,5,6,15,18,,6,0,0,0,0,0,0,6,12,7
0,,0,0,6,11,10,8,0,0,0,0,0,,0,0,8,10,6,8,0,0,0,0,0,,0,0,2,9,4,8,4,0,0,0,0,,0,0,9,9,12,8,4,0,0,0
31,,31,,31,,31,31,,31,,31,31,,31,,31,,31,31,,31,,31,31,,31,M = Missing,31,,31,31,,31,,31,31,,31,,31,,31,31,,31,,31
19,,18,,29,,32,36,,13,,5,19,,13,,33,,28,33,,20,,9,11,,19,,27,,32,36,,15,,4,2,,23,,33,,33,31,,16,,14
4,,9,,21,,23,23,,6,,-2,0,,7,,21,,22,23,,13,,-1,-4,,6,,16,,19,25,,8,,-2,-7,,6,,23,,23,23,,6,,7
12,,14,,25,,28,30,,10,,2,10,,10,,27,,25,28,,16,,4,4,,12,,22,,26,30,,12,,1,-2,,14,,28,,28,27,,11,,10
7,,16,,26,,31,29,,18,,6,7,,16,,26,,31,29,,18,,6,7,,16,,26,,31,29,,18,,6,7,,16,,26,,31,29,,18,,6
-2,,6,,16,,22,20,,8,,-1,-2,,6,,16,,22,20,,8,,-1,-2,,6,,16,,22,20,,8,,-1,-2,,6,,16,,22,20,,8,,-1
3,,11,,21,,26,24,,13,,2,3,,11,,21,,26,24,,13,,2,3,,11,,21,,26,24,,13,,2,3,,11,,21,,26,24,,13,,2
9,,3,,4,,2,6,,-3,,0,7,,-1,,6,,-1,4,,3,,2,1,,1,,1,,0,6,,-1,,-1,-5,,3,,7,,2,3,,-2,,8
22,,29,,37,,39,38,,29,,21,22,,29,,37,,39,38,,29,,21,22,,29,,37,,39,38,,29,,21,22,,29,,37,,39,38,,29,,21
1916*,,1979*,,1991*,,1954*,1953*,,1950*,,1965*,1916*,,1979*,,1991*,,1954*,1953*,,1950*,,1965*,1916*,,1979*,,1991*,,1954*,1953*,,1950*,,1965*,1916*,,1979*,,1991*,,1954*,1953*,,1950*,,1965*
-19,,-6,,7,,11,9,,-3,,-25,-19,,-6,,7,,11,9,,-3,,-25,-19,,-6,,7,,11,9,,-3,,-25,-19,,-6,,7,,11,9,,-3,,-25
1905*,,1923*,,1938*,,1895*,1934*,,1917*,,1880*,1905*,,1923*,,1938*,,1895*,1934*,,1917*,,1880*,1905*,,1923*,,1938*,,1895*,1934*,,1917*,,1880*,1905*,,1923*,,1938*,,1895*,1934*,,1917*,,1880*
0,,0,,0,,0.08,0,,0,,0,0.71,,0.05,,0,,0,0,,0,,0,0,,0,,0,,0,0.69,,0,,0,0,,0.03,,0,,0,0,,0,,0
0,,0,,0,,0,0,,0,,0,0,,0,,0,,0,0,,0,,0,0,,0,,0,,0,0,,0,,0,0,,0,,0,,0,0,,0,,0
0,,0,,0,,0,0,,0,,0,0,,0,,0,,0,0,,0,,0,0,,0,,0,,0,0,,0,,0,0,,0,,0,,0,0,,0,,0
6,,4,,0,,0,0,,8,,16,8,,8,,0,,0,0,,2,,14,14,,6,,0,,0,0,,6,,17,20,,4,,0,,0,0,,7,,8
0,,0,,7,,10,12,,0,,0,0,,0,,9,,7,10,,0,,0,0,,0,,4,,8,12,,0,,0,0,,0,,10,,10,9,,0,,0
,,,,,,,,,,,,,,,,,,,,,M = Missing,,,M = Missing,,,,,,,,,,,,,,,,,,,,,,,