"Date","Act.High","Act.Low","Act.Avg","Norm.High","Norm.Low","Norm.Avg","Norm.Dept","Rec.High","Rec.Year","Rec.Low","Rec.Year","Precip.Amt","Snow.Amt","Snow.Ground","Heat.Deg.Day","Cool.Deg.Day"
"1",2012-01-01,16,3,10,6,-1,2,8,21,NA,-26,NA,0,0,0,8,0
"2",2012-01-02,9,0,4,6,-2,2,2,22,NA,-18,NA,0,0,0,14,0
"3",2012-01-03,1,-6,-2,6,-2,2,-4,20,NA,-21,NA,0,0,0,20,0
"4",2012-01-04,2,-8,-3,6,-2,2,-5,23,NA,-19,NA,0,0,0,21,0
"5",2012-01-05,10,-1,4,6,-2,2,2,22,NA,-19,NA,0,0,0,14,0
"6",2012-01-06,17,1,9,6,-2,2,7,23,NA,-17,NA,0,0,0,9,0
"7",2012-01-07,20,2,11,6,-2,2,9,24,NA,-15,NA,0,0,0,7,0
"8",2012-01-08,11,3,7,6,-2,2,5,23,NA,-18,NA,0,0,0,11,0
"9",2012-01-09,4,1,2,6,-2,2,0,24,NA,-16,NA,0.41,15,0,16,0
"10",2012-01-10,12,0,6,6,-2,2,4,21,NA,-19,NA,0,0,0,12,0
"11",2012-01-11,9,1,5,6,-2,2,3,24,NA,-17,NA,1.3,0,0,13,0
"12",2012-01-12,14,7,10,6,-2,2,8,24,NA,-16,NA,0.61,0,0,8,0
"13",2012-01-13,11,-2,4,6,-2,2,2,24,NA,-22,NA,0.13,0,0,14,0
"14",2012-01-14,4,-3,0,6,-2,2,-2,24,NA,-25,NA,0,0,0,18,0
"15",2012-01-15,2,-3,0,6,-2,2,-2,25,NA,-16,NA,0,0,0,18,0
"16",2012-01-16,6,-4,1,6,-2,2,-1,23,NA,-17,NA,0.08,0,0,17,0
"17",2012-01-17,16,4,10,6,-2,2,8,22,NA,-21,NA,0.66,0,0,8,0
"18",2012-01-18,14,-2,6,6,-2,2,4,21,NA,-21,NA,0,0,0,12,0
"19",2012-01-19,5,-4,0,6,-2,2,-2,22,NA,-20,NA,0,0,0,18,0
"20",2012-01-20,4,-2,1,6,-2,2,-1,21,NA,-19,NA,0.13,13,25,17,0
"21",2012-01-21,1,-2,0,6,-2,2,-2,21,NA,-20,NA,0.58,15,0,18,0
"22",2012-01-22,0,-1,0,6,-2,2,-2,24,NA,-17,NA,0,0,0,18,0
"23",2012-01-23,7,0,4,6,-2,2,2,22,NA,-18,NA,0.08,0,0,14,0
"24",2012-01-24,13,3,8,6,-2,2,6,23,NA,-16,NA,0,0,0,10,0
"25",2012-01-25,9,2,6,7,-2,2,4,24,NA,-16,NA,0,0,0,12,0
"26",2012-01-26,13,4,8,7,-2,2,6,26,NA,-15,NA,0,0,0,10,0
"27",2012-01-27,17,5,11,7,-2,2,9,24,NA,-14,NA,1.6,0,0,7,0
"28",2012-01-28,13,1,7,7,-2,2,5,23,NA,-19,NA,0,0,0,11,0
"29",2012-01-29,9,0,4,7,-2,2,2,24,NA,-17,NA,0,0,0,14,0
"30",2012-01-30,9,1,5,7,-2,2,3,25,NA,-21,NA,0,0,0,13,0
"31",2012-01-31,19,4,12,7,-2,3,9,22,NA,-19,NA,0,0,0,6,0
"32",2012-02-01,22,9,16,7,-2,3,13,25,NA,-14,NA,0.05,0,0,2,0
"33",2012-02-02,14,6,10,7,-2,3,7,22,NA,-17,NA,0.23,0,0,8,0
"34",2012-02-03,11,3,7,7,-2,3,4,18,NA,-18,NA,0,0,0,11,0
"35",2012-02-04,8,2,5,7,-1,3,2,21,NA,-17,NA,0.2,0,0,13,0
"36",2012-02-05,7,2,4,7,-1,3,1,21,NA,-23,NA,0,0,0,14,0
"37",2012-02-06,11,-2,4,7,-1,3,1,23,NA,-17,NA,0,0,0,14,0
"38",2012-02-07,13,4,8,7,-1,3,5,18,NA,-16,NA,0,0,0,10,0
"39",2012-02-08,6,3,4,8,-1,3,1,20,NA,-18,NA,0.28,0,0,14,0
"40",2012-02-09,8,1,4,8,-1,3,1,21,NA,-22,NA,0,0,0,14,0
"41",2012-02-10,8,1,4,8,-1,3,1,20,NA,-22,NA,0,0,0,14,0
"42",2012-02-11,6,-5,0,8,-1,3,-3,24,NA,-26,NA,0.25,5.1,0,18,0
"43",2012-02-12,1,-5,-2,8,-1,3,-5,23,NA,-16,NA,0.03,3,0,20,0
"44",2012-02-13,10,-4,3,8,-1,4,-1,22,NA,-17,NA,0,0,0,15,0
"45",2012-02-14,13,3,8,8,-1,4,4,23,NA,-16,NA,0,0,0,10,0
"46",2012-02-15,13,4,8,8,-1,4,4,25,NA,-21,NA,0,0,0,10,0
"47",2012-02-16,8,5,6,8,-1,4,2,24,NA,-15,NA,0.23,0,0,12,0
"48",2012-02-17,12,4,8,9,0,4,4,26,NA,-15,NA,0,0,0,10,0
"49",2012-02-18,15,1,8,9,0,4,4,25,NA,-16,NA,0,0,0,10,0
"50",2012-02-19,7,2,4,9,0,4,0,23,NA,-16,NA,0.2,0,0,14,0
"51",2012-02-20,10,1,6,9,0,4,2,24,NA,-15,NA,0,0,0,12,0
"52",2012-02-21,10,0,5,9,0,5,0,24,NA,-14,NA,0,0,0,13,0
"53",2012-02-22,17,6,12,9,0,5,7,25,NA,-13,NA,0,0,0,6,0
"54",2012-02-23,19,8,14,9,0,5,9,26,NA,-12,NA,0,0,0,4,0
"55",2012-02-24,14,8,11,10,0,5,6,26,NA,-17,NA,0.79,0,0,7,0
"56",2012-02-25,8,2,5,10,0,5,0,29,NA,-18,NA,0,0,0,13,0
"57",2012-02-26,9,1,5,10,0,5,0,23,NA,-11,NA,0,0,0,13,0
"58",2012-02-27,18,2,10,10,1,5,5,25,NA,-13,NA,0,0,0,8,0
"59",2012-02-28,13,4,8,10,1,5,3,28,NA,-18,NA,0,0,0,10,0
"60",2012-02-29,13,4,8,10,1,6,2,25,NA,-13,NA,3.66,0,0,10,0
"61",NA,NA,NA,NA,NA,NA,NA,NA,NA,NA,NA,NA,NA,NA,NA,NA,NA
"62",NA,NA,NA,NA,NA,NA,NA,NA,NA,NA,NA,NA,NA,NA,NA,NA,NA
"63",2012-03-01,21,8,14,10,1,6,8,27,NA,-11,NA,0.13,0,0,4,0
"64",2012-03-02,13,4,8,11,1,6,2,25,NA,-11,NA,0.86,0,0,10,0
"65",2012-03-03,17,9,13,11,1,6,7,26,NA,-12,NA,0.41,0,0,5,0
"66",2012-03-04,11,3,7,11,1,6,1,28,NA,-16,NA,0,0,0,11,0
"67",2012-03-05,8,0,4,11,1,6,-2,28,NA,-14,NA,0,0,0,14,0
"68",2012-03-06,9,-2,4,11,2,6,-2,27,NA,-12,NA,0,0,0,14,0
"69",2012-03-07,19,4,12,12,2,7,5,25,NA,-11,NA,0,0,0,6,0
"70",2012-03-08,23,12,18,12,2,7,11,29,NA,-10,NA,0,0,0,0,0
"71",2012-03-09,19,5,12,12,2,7,5,27,NA,-9,NA,0.03,0,0,6,0
"72",2012-03-10,10,1,6,12,2,7,-1,26,NA,-10,NA,0,0,0,12,0
"73",2012-03-11,17,2,10,12,2,7,3,26,NA,-9,NA,0,0,0,8,0
"74",2012-03-12,22,7,14,12,2,7,7,32,NA,-12,NA,0,0,0,4,0
"75",2012-03-13,27,13,20,13,3,8,12,31,NA,-10,NA,0.03,0,0,0,2
"76",2012-03-14,27,12,20,13,3,8,12,30,NA,-11,NA,0,0,0,0,2
"77",2012-03-15,28,12,20,13,3,8,12,28,NA,-9,NA,0,0,0,0,2
"78",2012-03-16,15,11,13,13,3,8,5,30,NA,-10,NA,0.05,0,0,5,0
"79",2012-03-17,24,11,18,13,3,8,10,31,NA,-11,NA,0,0,0,0,0
"80",2012-03-18,20,11,16,14,3,8,8,27,NA,-11,NA,0,0,0,2,0
"81",2012-03-19,24,13,18,14,3,9,9,29,NA,-11,NA,0.03,0,0,0,0
"82",2012-03-20,22,17,20,14,4,9,11,28,NA,-11,NA,0.28,0,0,0,2
"83",2012-03-21,21,15,18,14,4,9,9,32,NA,-12,NA,0,0,0,0,0
"84",2012-03-22,26,15,20,14,4,9,11,32,NA,-8,NA,0,0,0,0,2
"85",2012-03-23,28,15,22,15,4,9,13,34,NA,-9,NA,0,0,0,0,4
"86",2012-03-24,19,12,16,15,4,10,6,29,NA,-8,NA,0.25,0,0,2,0
"87",2012-03-25,17,11,14,15,5,10,4,29,NA,-7,NA,0.51,0,0,4,0
"88",2012-03-26,16,6,11,15,5,10,1,31,NA,-5,NA,0,0,0,7,0
"89",2012-03-27,13,1,7,15,5,10,-3,30,NA,-7,NA,0,0,0,11,0
"90",2012-03-28,22,8,15,16,5,10,5,29,NA,-6,NA,0.03,0,0,3,0
"91",2012-03-29,21,10,16,16,5,11,5,33,NA,-8,NA,0,0,0,2,0
"92",2012-03-30,12,6,9,16,5,11,-2,31,NA,-6,NA,0,0,0,9,0
"93",2012-03-31,18,9,14,16,6,11,3,29,NA,-6,NA,0,0,0,4,0
"94",2012-04-01,18,8,13,16,6,11,2,31,NA,-9,NA,0.18,0,0,5,0
"95",2012-04-02,17,8,12,17,6,11,1,32,NA,-5,NA,0.2,0,0,6,0
"96",2012-04-03,23,6,14,17,6,12,2,31,NA,-3,NA,0,0,0,4,0
"97",2012-04-04,24,12,18,17,6,12,6,29,NA,-3,NA,0,0,0,0,0
"98",2012-04-05,17,8,12,17,7,12,0,30,NA,-4,NA,0,0,0,6,0
"99",2012-04-06,17,6,12,17,7,12,0,33,NA,-3,NA,0,0,0,6,0
"100",2012-04-07,18,6,12,18,7,12,0,34,NA,-4,NA,0,0,0,6,0
"101",2012-04-08,23,9,16,18,7,12,4,34,NA,-2,NA,0,0,0,2,0
"102",2012-04-09,21,12,16,18,7,13,3,32,NA,-2,NA,0,0,0,2,0
"103",2012-04-10,20,7,14,18,7,13,1,33,NA,-2,NA,0,0,0,4,0
"104",2012-04-11,13,4,8,18,8,13,-5,33,NA,-3,NA,0.03,0,0,10,0
"105",2012-04-12,17,6,12,19,8,13,-1,32,NA,-4,NA,0,0,0,6,0
"106",2012-04-13,19,7,13,19,8,13,0,32,NA,-3,NA,0,0,0,5,0
"107",2012-04-14,24,8,16,19,8,14,2,33,NA,-4,NA,0,0,0,2,0
"108",2012-04-15,28,16,22,19,8,14,8,32,NA,-2,NA,0,0,0,0,4
"109",2012-04-16,32,17,24,19,8,14,10,33,NA,-2,NA,0,0,0,0,6
"110",2012-04-17,25,16,20,20,9,14,6,35,NA,-3,NA,0,0,0,0,2
"111",2012-04-18,17,12,14,20,9,14,0,35,NA,-4,NA,0.13,0,0,4,0
"112",2012-04-19,22,10,16,20,9,14,2,34,NA,-6,NA,0,0,0,2,0
"113",2012-04-20,24,11,18,20,9,15,3,34,NA,-2,NA,0,0,0,0,0
"114",2012-04-21,28,14,21,20,9,15,6,32,NA,-1,NA,0.41,0,0,0,3
"115",2012-04-22,14,8,11,20,10,15,-4,34,NA,-1,NA,3.23,0,0,7,0
"116",2012-04-23,10,6,8,21,10,15,-7,35,NA,1,NA,0.25,0,0,10,0
"117",2012-04-24,18,6,12,21,10,15,-3,34,NA,1,NA,0,0,0,6,0
"118",2012-04-25,22,7,14,21,10,15,-1,34,NA,0,NA,0,0,0,4,0
"119",2012-04-26,18,13,16,21,10,16,0,34,NA,1,NA,0.08,0,0,2,0
"120",2012-04-27,18,9,14,21,10,16,-2,35,NA,3,NA,0,0,0,4,0
"121",2012-04-28,13,7,10,21,10,16,-6,33,NA,1,NA,0.3,0,0,8,0
"122",2012-04-29,22,8,15,22,11,16,-1,33,NA,-1,NA,0.08,0,0,3,0
"123",2012-04-30,19,10,14,22,11,16,-2,33,NA,1,NA,0,0,0,4,0
"124",NA,NA,NA,NA,NA,NA,NA,NA,NA,NA,NA,NA,NA,NA,NA,NA,NA
"125",2012-05-01,29,16,22,22,11,16,6,34,NA,1,NA,0.38,0,0,0,4
"126",2012-05-02,23,14,18,22,11,17,1,32,NA,2,NA,0.05,0,0,0,0
"127",2012-05-03,27,13,20,22,11,17,3,33,NA,2,NA,0,0,0,0,2
"128",2012-05-04,29,18,24,22,12,17,7,34,NA,4,NA,0.3,0,0,0,6
"129",2012-05-05,28,18,23,22,12,17,6,34,NA,4,NA,0,0,0,0,5
"130",2012-05-06,22,16,19,23,12,17,2,34,NA,3,NA,0,0,0,0,1
"131",2012-05-07,23,14,18,23,12,17,1,35,NA,3,NA,0,0,0,0,0
"132",2012-05-08,24,16,20,23,12,18,2,33,NA,4,NA,0.08,0,0,0,2
"133",2012-05-09,24,15,20,23,12,18,2,36,NA,1,NA,1.47,0,0,0,2
"134",2012-05-10,21,13,17,23,13,18,-1,35,NA,2,NA,0,0,0,1,0
"135",2012-05-11,23,11,17,23,13,18,-1,34,NA,1,NA,0,0,0,1,0
"136",2012-05-12,26,11,18,23,13,18,0,34,NA,3,NA,0,0,0,0,0
"137",2012-05-13,27,17,22,24,13,18,4,35,NA,4,NA,0,0,0,0,4
"138",2012-05-14,23,17,20,24,13,18,2,34,NA,5,NA,0.61,0,0,0,2
"139",2012-05-15,26,19,22,24,13,19,3,34,NA,4,NA,3.1,0,0,0,4
"140",2012-05-16,28,17,22,24,14,19,3,34,NA,3,NA,0,0,0,0,4
"141",2012-05-17,25,16,20,24,14,19,1,33,NA,4,NA,0,0,0,0,2
"142",2012-05-18,24,13,18,24,14,19,-1,36,NA,4,NA,0,0,0,0,0
"143",2012-05-19,29,13,21,24,14,19,2,36,NA,6,NA,0,0,0,0,3
"144",2012-05-20,27,15,21,25,14,19,2,36,NA,6,NA,0.03,0,0,0,3
"145",2012-05-21,24,19,22,25,14,20,2,35,NA,5,NA,0.08,0,0,0,4
"146",2012-05-22,27,19,23,25,15,20,3,36,NA,4,NA,0.03,0,0,0,5
"147",2012-05-23,27,19,23,25,15,20,3,36,NA,7,NA,0.79,0,0,0,5
"148",2012-05-24,28,21,24,25,15,20,4,33,NA,5,NA,0,0,0,0,6
"149",2012-05-25,30,22,26,25,15,20,6,34,NA,6,NA,0,0,0,0,8
"150",2012-05-26,30,22,26,26,15,21,5,36,NA,6,NA,0,0,0,0,8
"151",2012-05-27,31,21,26,26,16,21,5,35,NA,6,NA,0.13,0,0,0,8
"152",2012-05-28,32,21,26,26,16,21,5,36,NA,6,NA,0,0,0,0,8
"153",2012-05-29,33,21,27,26,16,21,6,36,NA,5,NA,1.3,0,0,0,9
"154",2012-05-30,28,21,24,26,16,21,3,37,NA,7,NA,0,0,0,0,6
"155",2012-05-31,29,21,25,26,16,21,4,37,NA,7,NA,0,0,0,0,7
"156",2012-06-01,28,18,23,27,17,22,1,37,NA,7,NA,3.1,0,0,0,5
"157",2012-06-02,24,16,20,27,17,22,-2,36,NA,6,NA,0,0,0,0,2
"158",2012-06-03,27,14,20,27,17,22,-2,37,NA,7,NA,0,0,0,0,2
"159",2012-06-04,24,17,20,27,17,22,-2,37,NA,8,NA,0,0,0,0,2
"160",2012-06-05,22,14,18,27,17,22,-4,38,NA,9,NA,0,0,0,0,0
"161",2012-06-06,24,14,19,28,18,22,-3,36,NA,8,NA,0.08,0,0,0,1
"162",2012-06-07,28,14,21,28,18,23,-2,37,NA,8,NA,0,0,0,0,3
"163",2012-06-08,29,16,22,28,18,23,-1,37,NA,9,NA,0,0,0,0,4
"164",2012-06-09,33,19,26,28,18,23,3,39,NA,7,NA,0,0,0,0,8
"165",2012-06-10,33,21,27,28,18,23,4,38,NA,8,NA,0,0,0,0,9
"166",2012-06-11,32,22,27,28,18,23,4,38,NA,7,NA,0,0,0,0,9
"167",2012-06-12,26,21,24,29,19,24,0,35,NA,10,NA,0.66,0,0,0,6
"168",2012-06-13,28,21,24,29,19,24,0,36,NA,11,NA,0,0,0,0,6
"169",2012-06-14,28,20,24,29,19,24,0,37,NA,9,NA,0,0,0,0,6
"170",2012-06-15,28,18,23,29,19,24,-1,38,NA,8,NA,0,0,0,0,5
"171",2012-06-16,28,17,22,29,19,24,-2,37,NA,10,NA,0,0,0,0,4
"172",2012-06-17,25,17,21,29,19,24,-3,36,NA,10,NA,0,0,0,0,3
"173",2012-06-18,22,17,20,29,20,25,-5,37,NA,11,NA,0.71,0,0,0,2
"174",2012-06-19,31,21,26,30,20,25,1,37,NA,11,NA,0,0,0,0,8
"175",2012-06-20,37,23,30,30,20,25,5,37,NA,12,NA,0,0,0,0,12
"176",2012-06-21,37,26,32,30,20,25,7,37,NA,11,NA,0,0,0,0,14
"177",2012-06-22,36,23,30,30,20,25,5,38,NA,11,NA,0,0,0,0,12
"178",2012-06-23,33,23,28,30,20,25,3,37,NA,11,NA,0,0,0,0,10
"179",2012-06-24,34,22,28,30,20,25,3,38,NA,8,NA,0,0,0,0,10
"180",2012-06-25,32,21,26,30,21,26,0,38,NA,12,NA,0,0,0,0,8
"181",2012-06-26,28,17,22,31,21,26,-4,38,NA,13,NA,0,0,0,0,4
"182",2012-06-27,32,19,26,31,21,26,0,37,NA,14,NA,0,0,0,0,8
"183",2012-06-28,36,21,28,31,21,26,2,38,NA,12,NA,0,0,0,0,10
"184",2012-06-29,40,22,31,31,21,26,5,40,NA,12,NA,1.5,0,0,0,13
"185",2012-06-30,36,22,29,31,21,26,3,38,NA,10,NA,0,0,0,0,11
"186",NA,NA,NA,NA,NA,NA,NA,NA,NA,NA,NA,NA,NA,NA,NA,NA,NA
"187",2012-07-01,37,25,31,31,21,26,5,39,NA,12,NA,0,0,0,0,13
"188",2012-07-02,35,26,30,31,21,26,4,38,NA,13,NA,0,0,0,0,12
"189",2012-07-03,37,24,30,31,21,26,4,38,NA,12,NA,0.05,0,0,0,12
"190",2012-07-04,37,24,30,31,21,26,4,38,NA,11,NA,0,0,0,0,12
"191",2012-07-05,38,27,32,31,22,26,6,39,NA,12,NA,0,0,0,0,14
"192",2012-07-06,38,27,32,31,22,26,6,39,NA,14,NA,0,0,0,0,14
"193",2012-07-07,41,28,34,31,22,26,8,41,NA,13,NA,0,0,0,0,16
"194",2012-07-08,39,25,32,31,22,27,5,39,NA,12,NA,1.75,0,0,0,14
"195",2012-07-09,31,23,27,31,22,27,0,40,NA,13,NA,0.66,0,0,0,9
"196",2012-07-10,32,22,27,31,22,27,0,41,NA,12,NA,1.52,0,0,0,9
"197",2012-07-11,32,23,28,32,22,27,1,37,NA,12,NA,0,0,0,0,10
"198",2012-07-12,31,22,26,32,22,27,-1,37,NA,12,NA,0,0,0,0,8
"199",2012-07-13,32,24,28,32,22,27,1,38,NA,13,NA,0,0,0,0,10
"200",2012-07-14,31,22,26,32,22,27,-1,38,NA,13,NA,0.2,0,0,0,8
"201",2012-07-15,36,24,30,32,22,27,3,38,NA,13,NA,0.05,0,0,0,12
"202",2012-07-16,36,24,30,32,22,27,3,40,NA,13,NA,0.05,0,0,0,12
"203",2012-07-17,38,25,32,32,22,27,5,39,NA,13,NA,0,0,0,0,14
"204",2012-07-18,38,27,32,31,22,27,5,39,NA,13,NA,0,0,0,0,14
"205",2012-07-19,35,24,30,31,22,27,3,39,NA,13,NA,1.07,0,0,0,12
"206",2012-07-20,28,21,24,31,22,27,-3,41,NA,12,NA,0.48,0,0,0,6
"207",2012-07-21,22,19,20,31,22,27,-7,40,NA,13,NA,0.53,0,0,0,2
"208",2012-07-22,28,21,24,31,22,27,-3,39,NA,12,NA,0,0,0,0,6
"209",2012-07-23,32,24,28,31,22,27,1,39,NA,13,NA,0,0,0,0,10
"210",2012-07-24,34,23,28,31,22,27,1,38,NA,14,NA,0,0,0,0,10
"211",2012-07-25,32,22,27,31,22,27,0,38,NA,14,NA,0,0,0,0,9
"212",2012-07-26,38,23,30,31,22,27,3,39,NA,12,NA,0,0,0,0,12
"213",2012-07-27,35,25,30,31,22,26,4,38,NA,13,NA,0,0,0,0,12
"214",2012-07-28,36,23,30,31,22,26,4,38,NA,13,NA,0.69,0,0,0,12
"215",2012-07-29,32,22,27,31,22,26,1,40,NA,14,NA,0,0,0,0,9
"216",2012-07-30,32,24,28,31,22,26,2,37,NA,13,NA,0,0,0,0,10
"217",2012-07-31,32,23,28,31,22,26,2,39,NA,11,NA,0.08,0,0,0,10
"218",2012-08-01,33,23,28,31,22,26,2,38,NA,12,NA,0,0,0,0,10
"219",2012-08-02,36,24,30,31,22,26,4,38,NA,13,NA,0,0,0,0,12
"220",2012-08-03,36,24,30,31,22,26,4,38,NA,13,NA,0,0,0,0,12
"221",2012-08-04,36,26,31,31,22,26,5,39,NA,12,NA,0,0,0,0,13
"222",2012-08-05,37,26,32,31,22,26,6,39,NA,12,NA,0.08,0,0,0,14
"223",2012-08-06,34,26,30,31,22,26,4,41,NA,12,NA,0.05,0,0,0,12
"224",2012-08-07,32,25,28,31,22,26,2,40,NA,14,NA,0,0,0,0,10
"225",2012-08-08,33,25,29,31,21,26,3,39,NA,12,NA,0,0,0,0,11
"226",2012-08-09,35,24,30,31,21,26,4,39,NA,14,NA,0,0,0,0,12
"227",2012-08-10,31,22,26,31,21,26,0,37,NA,13,NA,1.5,0,0,0,8
"228",2012-08-11,32,22,27,31,21,26,1,38,NA,13,NA,0.25,0,0,0,9
"229",2012-08-12,31,22,26,31,21,26,0,37,NA,13,NA,0,0,0,0,8
"230",2012-08-13,32,22,27,31,21,26,1,38,NA,13,NA,0,0,0,0,9
"231",2012-08-14,32,22,27,31,21,26,1,37,NA,13,NA,0.51,0,0,0,9
"232",2012-08-15,30,23,26,30,21,26,0,39,NA,11,NA,0,0,0,0,8
"233",2012-08-16,33,21,27,30,21,26,1,39,NA,12,NA,0,0,0,0,9
"234",2012-08-17,34,22,28,30,21,26,2,41,NA,11,NA,0.03,0,0,0,10
"235",2012-08-18,30,21,26,30,21,26,0,37,NA,12,NA,0.41,0,0,0,8
"236",2012-08-19,26,21,24,30,21,26,-2,37,NA,12,NA,0.91,0,0,0,6
"237",2012-08-20,28,21,24,30,21,26,-2,38,NA,10,NA,0,0,0,0,6
"238",2012-08-21,30,19,24,30,21,25,-1,38,NA,12,NA,1.5,0,0,0,6
"239",2012-08-22,30,20,25,30,21,25,0,37,NA,11,NA,0.89,0,0,0,7
"240",2012-08-23,32,21,26,30,21,25,1,37,NA,11,NA,0,0,0,0,8
"241",2012-08-24,31,22,26,30,21,25,1,37,NA,9,NA,0,0,0,0,8
"242",2012-08-25,28,22,25,30,20,25,0,36,NA,12,NA,0.15,0,0,0,7
"243",2012-08-26,29,22,26,30,20,25,1,36,NA,12,NA,0.71,0,0,0,8
"244",2012-08-27,31,22,26,30,20,25,1,38,NA,11,NA,0,0,0,0,8
"245",2012-08-28,33,24,28,29,20,25,3,37,NA,10,NA,0.08,0,0,0,10
"246",2012-08-29,31,21,26,29,20,25,1,37,NA,9,NA,0,0,0,0,8
"247",2012-08-30,32,21,26,29,20,25,1,37,NA,10,NA,0,0,0,0,8
"248",2012-08-31,36,23,30,29,20,24,6,38,NA,9,NA,0,0,0,0,12
"249",2012-09-01,35,23,29,29,20,24,5,37,NA,10,NA,4.17,0,0,0,11
"250",2012-09-02,29,23,26,29,19,24,2,38,NA,10,NA,0.13,0,0,0,8
"251",2012-09-03,29,24,26,29,19,24,2,37,NA,9,NA,0,0,0,0,8
"252",2012-09-04,32,24,28,29,19,24,4,35,NA,9,NA,0,0,0,0,10
"253",2012-09-05,32,26,29,28,19,24,5,36,NA,10,NA,0.05,0,0,0,11
"254",2012-09-06,29,23,26,28,19,24,2,37,NA,8,NA,0.61,0,0,0,8
"255",2012-09-07,32,22,27,28,19,23,4,40,NA,8,NA,0,0,0,0,9
"256",2012-09-08,33,19,26,28,18,23,3,38,NA,11,NA,1.24,0,0,0,8
"257",2012-09-09,27,17,22,28,18,23,-1,37,NA,9,NA,0,0,0,0,4
"258",2012-09-10,25,16,20,28,18,23,-3,37,NA,7,NA,0,0,0,0,2
"259",2012-09-11,26,14,20,27,18,23,-3,37,NA,4,NA,0,0,0,0,2
"260",2012-09-12,27,16,22,27,18,22,0,36,NA,5,NA,0,0,0,0,4
"261",2012-09-13,27,16,22,27,18,22,0,34,NA,7,NA,0,0,0,0,4
"262",2012-09-14,28,18,23,27,17,22,1,34,NA,8,NA,0,0,0,0,5
"263",2012-09-15,26,18,22,27,17,22,0,36,NA,6,NA,0,0,0,0,4
"264",2012-09-16,24,16,20,26,17,22,-2,36,NA,7,NA,0,0,0,0,2
"265",2012-09-17,24,15,20,26,17,21,-1,36,NA,7,NA,0.36,0,0,0,2
"266",2012-09-18,27,19,23,26,16,21,2,33,NA,7,NA,2.36,0,0,0,5
"267",2012-09-19,22,15,18,26,16,21,-3,36,NA,7,NA,0,0,0,0,0
"268",2012-09-20,24,12,18,26,16,21,-3,34,NA,5,NA,0,0,0,0,0
"269",2012-09-21,27,15,21,25,16,21,0,36,NA,5,NA,0,0,0,0,3
"270",2012-09-22,29,19,24,25,16,20,4,37,NA,4,NA,0,0,0,0,6
"271",2012-09-23,22,13,18,25,15,20,-2,37,NA,2,NA,0,0,0,0,0
"272",2012-09-24,21,13,17,25,15,20,-3,37,NA,4,NA,0,0,0,1,0
"273",2012-09-25,24,12,18,24,15,20,-2,35,NA,4,NA,0,0,0,0,0
"274",2012-09-26,29,18,24,24,15,19,5,36,NA,3,NA,0.13,0,0,0,6
"275",2012-09-27,29,19,24,24,14,19,5,35,NA,4,NA,1.24,0,0,0,6
"276",2012-09-28,27,18,22,24,14,19,3,33,NA,6,NA,0.61,0,0,0,4
"277",2012-09-29,23,14,18,24,14,19,-1,34,NA,4,NA,0,0,0,0,0
"278",2012-09-30,23,12,18,23,14,18,0,33,NA,3,NA,0,0,0,0,0
"279",NA,NA,NA,NA,NA,NA,NA,NA,NA,NA,NA,NA,NA,NA,NA,NA,NA
"280",2012-10-01,22,12,17,23,13,18,-1,34,NA,2,NA,0,0,0,1,0
"281",2012-10-02,22,18,20,23,13,18,2,32,NA,1,NA,1.09,0,0,0,2
"282",2012-10-03,28,21,24,23,13,18,6,33,NA,2,NA,0,0,0,0,6
"283",2012-10-04,27,19,23,22,13,18,5,34,NA,1,NA,0.03,0,0,0,5
"284",2012-10-05,28,16,22,22,13,17,5,36,NA,3,NA,0,0,0,0,4
"285",2012-10-06,27,12,20,22,12,17,3,34,NA,2,NA,0,0,0,0,2
"286",2012-10-07,13,9,11,22,12,17,-6,34,NA,1,NA,0.28,0,0,7,0
"287",2012-10-08,13,7,10,22,12,17,-7,33,NA,2,NA,0.1,0,0,8,0
"288",2012-10-09,18,9,14,21,12,17,-3,34,NA,1,NA,0.23,0,0,4,0
"289",2012-10-10,22,13,18,21,11,16,2,33,NA,-1,NA,0,0,0,0,0
"290",2012-10-11,17,9,13,21,11,16,-3,32,NA,1,NA,0,0,0,5,0
"291",2012-10-12,19,8,14,21,11,16,-2,32,NA,-1,NA,0,0,0,4,0
"292",2012-10-13,16,5,10,21,11,16,-6,32,NA,-1,NA,0,0,0,8,0
"293",2012-10-14,24,11,18,21,11,16,2,31,NA,0,NA,0,0,0,0,0
"294",2012-10-15,22,14,18,20,10,15,3,31,NA,0,NA,0.15,0,0,0,0
"295",2012-10-16,18,9,14,20,10,15,-1,32,NA,-1,NA,0,0,0,4,0
"296",2012-10-17,21,8,14,20,10,15,-1,30,NA,1,NA,0,0,0,4,0
"297",2012-10-18,22,12,17,20,10,15,2,29,NA,1,NA,0,0,0,1,0
"298",2012-10-19,24,14,19,20,10,15,4,31,NA,-1,NA,0.61,0,0,0,1
"299",2012-10-20,21,11,16,19,9,14,2,30,NA,-1,NA,0,0,0,2,0
"300",2012-10-21,19,9,14,19,9,14,0,29,NA,-1,NA,0,0,0,4,0
"301",2012-10-22,23,9,16,19,9,14,2,29,NA,-2,NA,0,0,0,2,0
"302",2012-10-23,26,11,18,19,9,14,4,29,NA,1,NA,0,0,0,0,0
"303",2012-10-24,29,15,22,19,9,14,8,29,NA,-2,NA,0,0,0,0,4
"304",2012-10-25,22,17,20,19,9,14,6,27,NA,-1,NA,0,0,0,0,2
"305",2012-10-26,22,16,19,18,8,13,6,28,NA,-2,NA,0,0,0,0,1
"306",2012-10-27,21,15,18,18,8,13,5,28,NA,-1,NA,0,0,0,0,0
"307",2012-10-28,17,12,14,18,8,13,1,31,NA,-3,NA,0.38,0,0,4,0
"308",2012-10-29,13,8,10,18,8,13,-3,28,NA,-1,NA,9.78,0,0,8,0
"309",2012-10-30,8,6,7,18,8,13,-6,28,NA,-3,NA,2.13,0,0,11,0
"310",2012-10-31,13,6,10,18,8,13,-3,29,NA,-3,NA,0,0,0,8,0
"311",2012-11-01,12,6,9,17,7,12,-3,30,NA,-3,NA,0,0,0,9,0
"312",2012-11-02,13,5,9,17,7,12,-3,29,NA,-2,NA,0,0,0,9,0
"313",2012-11-03,10,5,8,17,7,12,-4,27,NA,-2,NA,0,0,0,10,0
"314",2012-11-04,12,3,8,17,7,12,-4,29,NA,-3,NA,0,0,0,10,0
"315",2012-11-05,10,3,6,17,7,12,-6,27,NA,-7,NA,0,0,0,12,0
"316",2012-11-06,9,1,5,16,7,12,-7,27,NA,-3,NA,0,0,0,13,0
"317",2012-11-07,8,4,6,16,7,11,-5,25,NA,-3,NA,0.05,0,0,12,0
"318",2012-11-08,13,4,8,16,6,11,-3,27,NA,-3,NA,0.03,0,0,10,0
"319",2012-11-09,14,4,9,16,6,11,-2,26,NA,-3,NA,0,0,0,9,0
"320",2012-11-10,18,3,10,16,6,11,-1,24,NA,-3,NA,0,0,0,8,0
"321",2012-11-11,22,6,14,15,6,11,3,26,NA,-3,NA,0,0,0,4,0
"322",2012-11-12,22,9,16,15,6,10,6,25,NA,-4,NA,0.03,0,0,2,0
"323",2012-11-13,18,3,10,15,6,10,0,27,NA,-6,NA,1.27,0,0,8,0
"324",2012-11-14,9,2,6,15,5,10,-4,25,NA,-7,NA,0,0,0,12,0
"325",2012-11-15,11,3,7,15,5,10,-3,28,NA,-7,NA,0,0,0,11,0
"326",2012-11-16,13,5,9,14,5,10,-1,24,NA,-7,NA,0,0,0,9,0
"327",2012-11-17,13,2,8,14,5,10,-2,25,NA,-8,NA,0,0,0,10,0
"328",2012-11-18,12,4,8,14,5,9,-1,27,NA,-6,NA,0,0,0,10,0
"329",2012-11-19,14,7,10,14,5,9,1,25,NA,-8,NA,0,0,0,8,0
"330",2012-11-20,14,7,10,13,4,9,1,26,NA,-7,NA,0,0,0,8,0
"331",2012-11-21,14,4,9,13,4,9,0,26,NA,-8,NA,0,0,0,9,0
"332",2012-11-22,16,2,9,13,4,8,1,25,NA,-11,NA,0,0,0,9,0
"333",2012-11-23,16,2,9,13,4,8,1,24,NA,-11,NA,0,0,0,9,0
"334",2012-11-24,10,2,6,12,4,8,-2,23,NA,-11,NA,0,0,0,12,0
"335",2012-11-25,6,1,4,12,4,8,-4,26,NA,-8,NA,0,0,0,14,0
"336",2012-11-26,13,0,6,12,3,8,-2,23,NA,-8,NA,0,0,0,12,0
"337",2012-11-27,7,2,4,12,3,8,-4,24,NA,-10,NA,0.15,0,0,14,0
"338",2012-11-28,10,3,6,12,3,7,-1,23,NA,-9,NA,0,0,0,12,0
"339",2012-11-29,10,-1,4,11,3,7,-3,24,NA,-10,NA,0,0,0,14,0
"340",2012-11-30,12,1,6,11,3,7,-1,24,NA,-12,NA,0,0,0,12,0
"341",NA,NA,NA,NA,NA,NA,NA,NA,NA,NA,NA,NA,NA,NA,NA,NA,NA
"342",2012-12-01,11,3,7,11,2,7,0,24,NA,-10,NA,0,0,0,11,0
"343",2012-12-02,14,3,8,11,2,7,1,23,NA,-9,NA,0.05,0,0,10,0
"344",2012-12-03,22,7,14,10,2,6,8,22,NA,-9,NA,0,0,0,4,0
"345",2012-12-04,22,9,16,10,2,6,10,24,NA,-9,NA,0,0,0,2,0
"346",2012-12-05,17,4,10,10,2,6,4,24,NA,-10,NA,0,0,0,8,0
"347",2012-12-06,7,2,4,10,2,6,-2,26,NA,-12,NA,0,0,0,14,0
"348",2012-12-07,10,3,6,10,2,6,0,26,NA,-12,NA,0.13,0,0,12,0
"349",2012-12-08,12,9,10,9,1,5,5,23,NA,-13,NA,0,0,0,8,0
"350",2012-12-09,11,9,10,9,1,5,5,22,NA,-16,NA,0.36,0,0,8,0
"351",2012-12-10,17,9,13,9,1,5,8,19,NA,-16,NA,0.03,0,0,5,0
"352",2012-12-11,17,5,11,9,1,5,6,20,NA,-11,NA,0.18,0,0,7,0
"353",2012-12-12,8,4,6,9,1,5,1,22,NA,-11,NA,0,0,0,12,0
"354",2012-12-13,10,2,6,8,1,5,1,22,NA,-12,NA,0,0,0,12,0
"355",2012-12-14,11,-1,5,8,0,4,1,21,NA,-14,NA,0,0,0,13,0
"356",2012-12-15,12,3,8,8,0,4,4,22,NA,-14,NA,0,0,0,10,0
"357",2012-12-16,11,8,10,8,0,4,6,23,NA,-12,NA,0.23,0,0,8,0
"358",2012-12-17,13,9,11,8,0,4,7,18,NA,-12,NA,0.18,0,0,7,0
"359",2012-12-18,17,6,12,8,0,4,8,23,NA,-12,NA,0,0,0,6,0
"360",2012-12-19,12,2,7,8,0,4,3,23,NA,-14,NA,0,0,0,11,0
"361",2012-12-20,12,5,8,7,0,3,5,19,NA,-17,NA,1.42,0,0,10,0
"362",2012-12-21,15,4,10,7,0,3,7,22,NA,-17,NA,0.66,0,0,8,0
"363",2012-12-22,7,2,4,7,-1,3,1,NA,NA,-16,NA,0,0,0,14,0
"364",2012-12-23,8,-2,3,7,-1,3,0,22,NA,-14,NA,0,0,0,15,0
"365",2012-12-24,5,-1,2,7,-1,3,-1,22,NA,-15,NA,0.36,0,0,16,0
"366",2012-12-25,11,1,6,7,-1,3,3,22,NA,-16,NA,0,0,0,12,0
"367",2012-12-26,7,1,4,7,-1,3,1,22,NA,-16,NA,3.61,5.1,0,14,0
"368",2012-12-27,6,3,4,7,-1,3,1,22,NA,-17,NA,0.05,0,0,14,0
"369",2012-12-28,7,2,4,7,-1,3,1,24,NA,-12,NA,0,0,0,14,0
"370",2012-12-29,7,1,4,7,-1,3,1,24,NA,-17,NA,0.46,0,0,14,0
"371",2012-12-30,6,0,3,7,-1,3,0,21,NA,-22,NA,0,0,0,15,0
"372",2012-12-31,5,-2,2,6,-1,2,0,21,NA,-25,NA,0,0,0,16,0
"373",2013-01-01,7,3,5,6,-1,2,3,21,NA,-26,NA,0,0,0,13,0
"374",2013-01-02,4,-1,2,6,-2,2,0,22,NA,-18,NA,0,0,0,16,0
"375",2013-01-03,3,-1,1,6,-2,2,-1,20,NA,-21,NA,0,0,0,17,0
"376",2013-01-04,8,-3,2,6,-2,2,0,23,NA,-19,NA,0,0,0,16,0
"377",2013-01-05,8,-1,4,6,-2,2,2,22,NA,-19,NA,0.03,0,0,14,0
"378",2013-01-06,11,1,6,6,-2,2,4,23,NA,-17,NA,0,0,0,12,0
"379",2013-01-07,9,1,5,6,-2,2,3,24,NA,-15,NA,0,0,0,13,0
"380",2013-01-08,12,-1,6,6,-2,2,4,23,NA,-18,NA,0,0,0,12,0
"381",2013-01-09,12,1,6,6,-2,2,4,24,NA,-16,NA,0.03,0,0,12,0
"382",2013-01-10,14,6,10,6,-2,2,8,21,NA,-19,NA,0,0,0,8,0
"383",2013-01-11,8,3,6,6,-2,2,4,24,NA,-17,NA,0.03,0,0,12,0
"384",2013-01-12,11,6,8,6,-2,2,6,24,NA,-16,NA,0,0,0,10,0
"385",2013-01-13,13,6,10,6,-2,2,8,24,NA,-22,NA,0,0,0,8,0
"386",2013-01-14,17,6,12,6,-2,2,10,24,NA,-25,NA,0.23,0,0,6,0
"387",2013-01-15,6,3,4,6,-2,2,2,25,NA,-16,NA,2.01,0,0,14,0
"388",2013-01-16,6,3,4,6,-2,2,2,23,NA,-17,NA,0.74,0,0,14,0
"389",2013-01-17,8,4,6,6,-2,2,4,22,NA,-21,NA,0.03,0,0,12,0
"390",2013-01-18,4,-1,2,6,-2,2,0,21,NA,-21,NA,0,0,0,16,0
"391",2013-01-19,12,1,6,6,-2,2,4,22,NA,-20,NA,0,0,0,12,0
"392",2013-01-20,17,3,10,6,-2,2,8,21,NA,-19,NA,0,0,0,8,0
"393",2013-01-21,8,0,4,6,-2,2,2,21,NA,-20,NA,0,0,0,14,0
"394",2013-01-22,0,-7,-4,6,-2,2,-6,24,NA,-17,NA,0,0,0,22,0
"395",2013-01-23,-2,-9,-6,6,-2,2,-8,22,NA,-18,NA,0,0,0,24,0
"396",2013-01-24,-2,-7,-4,6,-2,2,-6,23,NA,-16,NA,0.08,9.9,0,22,0
"397",2013-01-25,-4,-7,-6,7,-2,2,-8,24,NA,-16,NA,0.05,9.9,0,24,0
"398",2013-01-26,3,-4,0,7,-2,2,-2,26,NA,-15,NA,0,0,0,18,0
"399",2013-01-27,3,-3,0,7,-2,2,-2,24,NA,-14,NA,0,0,0,18,0
"400",2013-01-28,8,1,4,7,-2,2,2,23,NA,-19,NA,0.33,3,0,14,0
"401",2013-01-29,21,5,13,7,-2,2,11,24,NA,-17,NA,0,0,0,5,0
"402",2013-01-30,22,11,16,7,-2,2,14,25,NA,-21,NA,2.18,0,0,2,0
"403",2013-01-31,19,0,10,7,-2,3,7,22,NA,-19,NA,0.71,0,0,8,0
"404",2013-02-01,2,-6,-2,7,-2,3,-5,25,NA,-14,NA,0.03,5.1,0,20,0
"405",2013-02-02,1,-8,-4,7,-2,3,-7,22,NA,-17,NA,0.05,5.1,0,22,0
"406",2013-02-03,2,-3,0,7,-2,3,-3,18,NA,-18,NA,0,0,0,18,0
"407",2013-02-04,3,-3,0,7,-1,3,-3,21,NA,-17,NA,0,0,0,18,0
"408",2013-02-05,6,1,4,7,-1,3,1,21,NA,-23,NA,0,0,0,14,0
"409",2013-02-06,9,1,5,7,-1,3,2,23,NA,-17,NA,0,0,0,13,0
"410",2013-02-07,5,0,2,7,-1,3,-1,18,NA,-16,NA,0,0,0,16,0
"411",2013-02-08,7,1,4,8,-1,3,1,20,NA,-18,NA,0.51,0,0,14,0
"412",2013-02-09,6,-1,2,8,-1,3,-1,21,NA,-22,NA,0,0,0,16,0
"413",2013-02-10,8,-3,2,8,-1,3,-1,20,NA,-22,NA,0,0,0,16,0
"414",2013-02-11,12,3,8,8,-1,3,5,24,NA,-26,NA,0.71,0,0,10,0
"415",2013-02-12,15,4,10,8,-1,3,7,23,NA,-16,NA,0,0,0,8,0
"416",2013-02-13,9,1,5,8,-1,4,1,22,NA,-17,NA,0.48,0,0,13,0
"417",2013-02-14,10,2,6,8,-1,4,2,23,NA,-16,NA,0,0,0,12,0
"418",2013-02-15,16,2,9,8,-1,4,5,25,NA,-21,NA,0.25,0,0,9,0
"419",2013-02-16,5,1,3,8,-1,4,-1,24,NA,-15,NA,0.05,0,0,15,0
"420",2013-02-17,1,-3,-1,9,0,4,-5,26,NA,-15,NA,0,0,0,19,0
"421",2013-02-18,6,-6,0,9,0,4,-4,25,NA,-16,NA,0,0,0,18,0
"422",2013-02-19,8,3,6,9,0,4,2,23,NA,-16,NA,0.18,0,0,12,0
"423",2013-02-20,5,-3,1,9,0,4,-3,24,NA,-15,NA,0,0,0,17,0
"424",2013-02-21,5,-4,0,9,0,5,-5,24,NA,-14,NA,0,0,0,18,0
"425",2013-02-22,2,-1,0,9,0,5,-5,25,NA,-13,NA,0.15,0,0,18,0
"426",2013-02-23,8,1,4,9,0,5,-1,26,NA,-12,NA,0.2,0,0,14,0
"427",2013-02-24,12,2,7,10,0,5,2,26,NA,-17,NA,0,0,0,11,0
"428",2013-02-25,11,-1,5,10,0,5,0,29,NA,-18,NA,0,0,0,13,0
"429",2013-02-26,8,1,4,10,0,5,-1,23,NA,-11,NA,1.57,0,0,14,0
"430",2013-02-27,14,6,10,10,1,5,5,25,NA,-13,NA,0.03,0,0,8,0
"431",2013-02-28,9,6,8,10,1,5,3,28,NA,-18,NA,0.03,0,0,10,0
"432",NA,NA,NA,NA,NA,NA,NA,NA,NA,NA,NA,NA,NA,NA,NA,NA,NA
"433",NA,NA,NA,NA,NA,NA,NA,NA,NA,NA,NA,NA,NA,NA,NA,NA,NA
"434",NA,NA,NA,NA,NA,NA,NA,NA,NA,NA,NA,NA,NA,NA,NA,NA,NA
"435",2013-03-01,8,3,6,10,1,6,0,27,NA,-11,NA,0,0,0,12,0
"436",2013-03-02,4,0,2,11,1,6,-4,25,NA,-11,NA,0,0,0,16,0
"437",2013-03-03,7,-1,3,11,1,6,-3,26,NA,-12,NA,0,0,0,15,0
"438",2013-03-04,8,-1,4,11,1,6,-2,28,NA,-16,NA,0,0,0,14,0
"439",2013-03-05,12,0,6,11,1,6,0,28,NA,-14,NA,0,0,0,12,0
"440",2013-03-06,5,1,3,11,2,6,-3,27,NA,-12,NA,2.62,5.1,0,15,0
"441",2013-03-07,11,3,7,12,2,7,0,25,NA,-11,NA,0,0,0,11,0
"442",2013-03-08,11,3,7,12,2,7,0,29,NA,-10,NA,0,0,0,11,0
"443",2013-03-09,17,1,9,12,2,7,2,27,NA,-9,NA,0,0,0,9,0
"444",2013-03-10,17,3,10,12,2,7,3,26,NA,-10,NA,0,0,0,8,0
"445",2013-03-11,17,7,12,12,2,7,5,26,NA,-9,NA,0,0,0,6,0
"446",2013-03-12,16,6,11,12,2,7,4,32,NA,-12,NA,2.11,0,0,7,0
"447",2013-03-13,11,2,6,13,3,8,-2,31,NA,-10,NA,0,0,0,12,0
"448",2013-03-14,8,1,4,13,3,8,-4,30,NA,-11,NA,0,0,0,14,0
"449",2013-03-15,15,1,8,13,3,8,0,28,NA,-9,NA,0,0,0,10,0
"450",2013-03-16,16,5,10,13,3,8,2,30,NA,-10,NA,0.08,0,0,8,0
"451",2013-03-17,6,3,4,13,3,8,-4,31,NA,-11,NA,0,0,0,14,0
"452",2013-03-18,4,1,2,14,3,8,-6,27,NA,-11,NA,0.81,0,0,16,0
"453",2013-03-19,16,4,10,14,3,9,1,29,NA,-11,NA,0,0,0,8,0
"454",2013-03-20,12,4,8,14,4,9,-1,28,NA,-11,NA,0,0,0,10,0
"455",2013-03-21,6,-1,2,14,4,9,-7,32,NA,-12,NA,0,0,0,16,0
"456",2013-03-22,10,-2,4,14,4,9,-5,32,NA,-8,NA,0,0,0,14,0
"457",2013-03-23,13,0,6,15,4,9,-3,34,NA,-9,NA,0,0,0,12,0
"458",2013-03-24,7,1,4,15,4,10,-6,29,NA,-8,NA,0.1,0,0,14,0
"459",2013-03-25,4,1,2,15,5,10,-8,29,NA,-7,NA,1.32,36.1,0,16,0
"460",2013-03-26,11,2,6,15,5,10,-4,31,NA,-5,NA,0,0,0,12,0
"461",2013-03-27,11,4,8,15,5,10,-2,30,NA,-7,NA,0.03,0,0,10,0
"462",2013-03-28,10,4,7,16,5,10,-3,29,NA,-6,NA,0,0,0,11,0
"463",2013-03-29,16,6,11,16,5,11,0,33,NA,-8,NA,0,0,0,7,0
"464",2013-03-30,16,5,10,16,5,11,-1,31,NA,-6,NA,0,0,0,8,0
"465",2013-03-31,13,7,10,16,6,11,-1,29,NA,-6,NA,0.05,0,0,8,0
"466",2013-04-01,20,5,12,16,6,11,1,31,NA,-9,NA,0,0,0,6,0
"467",2013-04-02,11,4,8,17,6,11,-3,32,NA,-5,NA,0,0,0,10,0
"468",2013-04-03,12,1,6,17,6,12,-6,31,NA,-3,NA,0,0,0,12,0
"469",2013-04-04,10,-1,4,17,6,12,-8,29,NA,-3,NA,0.41,0,0,14,0
"470",2013-04-05,19,4,12,17,7,12,0,30,NA,-4,NA,0.3,0,0,6,0
"471",2013-04-06,15,4,10,17,7,12,-2,33,NA,-3,NA,0,0,0,8,0
"472",2013-04-07,22,6,14,18,7,12,2,34,NA,-4,NA,0,0,0,4,0
"473",2013-04-08,27,12,20,18,7,12,8,34,NA,-2,NA,0,0,0,0,2
"474",2013-04-09,30,16,23,18,7,13,10,32,NA,-2,NA,0,0,0,0,5
"475",2013-04-10,33,17,25,18,7,13,12,33,NA,-2,NA,0,0,0,0,7
"476",2013-04-11,30,14,22,18,8,13,9,33,NA,-3,NA,0,0,0,0,4
"477",2013-04-12,24,12,18,19,8,13,5,32,NA,-4,NA,2.03,0,0,0,0
"478",2013-04-13,21,9,15,19,8,13,2,32,NA,-3,NA,0,0,0,3,0
"479",2013-04-14,21,9,15,19,8,14,1,33,NA,-4,NA,0,0,0,3,0
"480",2013-04-15,17,14,16,19,8,14,2,32,NA,-2,NA,0,0,0,2,0
"481",2013-04-16,23,13,18,19,8,14,4,33,NA,-2,NA,0,0,0,0,0
"482",2013-04-17,27,16,22,20,9,14,8,35,NA,-3,NA,0,0,0,0,4
"483",2013-04-18,26,16,21,20,9,14,7,35,NA,-4,NA,0.15,0,0,0,3
"484",2013-04-19,26,11,18,20,9,14,4,34,NA,-6,NA,3.48,0,0,0,0
"485",2013-04-20,17,9,13,20,9,15,-2,34,NA,-2,NA,0.05,0,0,5,0
"486",2013-04-21,13,6,10,20,9,15,-5,32,NA,-1,NA,0,0,0,8,0
"487",2013-04-22,14,5,10,20,10,15,-5,34,NA,-1,NA,0,0,0,8,0
"488",2013-04-23,17,9,13,21,10,15,-2,35,NA,1,NA,0,0,0,5,0
"489",2013-04-24,26,9,18,21,10,15,3,34,NA,1,NA,0,0,0,0,0
"490",2013-04-25,18,8,13,21,10,15,-2,34,NA,0,NA,0.03,0,0,5,0
"491",2013-04-26,20,8,14,21,10,16,-2,34,NA,1,NA,0,0,0,4,0
"492",2013-04-27,23,9,16,21,10,16,0,35,NA,3,NA,0,0,0,2,0
"493",2013-04-28,20,11,16,21,10,16,0,33,NA,1,NA,0,0,0,2,0
"494",2013-04-29,17,12,14,22,11,16,-2,33,NA,-1,NA,0.58,0,0,4,0
"495",2013-04-30,17,13,15,22,11,16,-1,33,NA,1,NA,0.05,0,0,3,0
"496",NA,NA,NA,NA,NA,NA,NA,NA,NA,NA,NA,NA,NA,NA,NA,NA,NA
"497",2013-05-01,22,10,16,22,11,16,0,34,NA,1,NA,0,0,0,2,0
"498",2013-05-02,20,9,14,22,11,17,-3,32,NA,2,NA,0,0,0,4,0
"499",2013-05-03,20,9,14,22,11,17,-3,33,NA,2,NA,0,0,0,4,0
"500",2013-05-04,21,10,16,22,12,17,-1,34,NA,4,NA,0,0,0,2,0
"501",2013-05-05,18,8,13,22,12,17,-4,34,NA,4,NA,0,0,0,5,0
"502",2013-05-06,18,11,14,23,12,17,-3,34,NA,3,NA,0,0,0,4,0
"503",2013-05-07,19,15,17,23,12,17,0,35,NA,3,NA,1.4,0,0,1,0
"504",2013-05-08,22,15,18,23,12,18,0,33,NA,4,NA,0.1,0,0,0,0
"505",2013-05-09,25,13,19,23,12,18,1,36,NA,1,NA,0.15,0,0,0,1
"506",2013-05-10,28,14,21,23,13,18,3,35,NA,2,NA,1.22,0,0,0,3
"507",2013-05-11,27,18,22,23,13,18,4,34,NA,1,NA,0.18,0,0,0,4
"508",2013-05-12,19,12,16,23,13,18,-2,34,NA,3,NA,0,0,0,2,0
"509",2013-05-13,17,8,12,24,13,18,-6,35,NA,4,NA,0,0,0,6,0
"510",2013-05-14,19,6,12,24,13,18,-6,34,NA,5,NA,0,0,0,6,0
"511",2013-05-15,30,14,22,24,13,19,3,34,NA,4,NA,0,0,0,0,4
"512",2013-05-16,31,19,25,24,14,19,6,34,NA,3,NA,0,0,0,0,7
"513",2013-05-17,28,17,22,24,14,19,3,33,NA,4,NA,0,0,0,0,4
"514",2013-05-18,19,16,18,24,14,19,-1,36,NA,4,NA,0.15,0,0,0,0
"515",2013-05-19,25,16,20,24,14,19,1,36,NA,6,NA,0.05,0,0,0,2
"516",2013-05-20,28,19,24,25,14,19,5,36,NA,6,NA,0,0,0,0,6
"517",2013-05-21,28,20,24,25,14,20,4,35,NA,5,NA,0,0,0,0,6
"518",2013-05-22,30,21,26,25,15,20,6,36,NA,4,NA,0.05,0,0,0,8
"519",2013-05-23,28,19,24,25,15,20,4,36,NA,7,NA,0.43,0,0,0,6
"520",2013-05-24,19,9,14,25,15,20,-6,33,NA,5,NA,0.03,0,0,4,0
"521",2013-05-25,20,8,14,25,15,20,-6,34,NA,6,NA,0,0,0,4,0
"522",2013-05-26,23,11,17,26,15,21,-4,36,NA,6,NA,0,0,0,1,0
"523",2013-05-27,23,11,17,26,16,21,-4,35,NA,6,NA,0,0,0,1,0
"524",2013-05-28,29,17,23,26,16,21,2,36,NA,6,NA,3.4,0,0,0,5
"525",2013-05-29,32,21,26,26,16,21,5,36,NA,5,NA,0,0,0,0,8
"526",2013-05-30,32,21,26,26,16,21,5,37,NA,7,NA,0,0,0,0,8
"527",2013-05-31,33,21,27,26,16,21,6,37,NA,7,NA,0,0,0,0,9
"528",2013-06-01,33,22,28,27,17,22,6,37,NA,7,NA,0,0,0,0,10
"529",2013-06-02,30,22,26,27,17,22,4,36,NA,6,NA,0.3,0,0,0,8
"530",2013-06-03,28,21,24,27,17,22,2,37,NA,7,NA,1.07,0,0,0,6
"531",2013-06-04,26,17,22,27,17,22,0,37,NA,8,NA,0,0,0,0,4
"532",2013-06-05,27,15,21,27,17,22,-1,38,NA,9,NA,0,0,0,0,3
"533",2013-06-06,24,18,21,28,18,22,-1,36,NA,8,NA,2.16,0,0,0,3
"534",2013-06-07,23,21,22,28,18,23,-1,37,NA,8,NA,4.24,0,0,0,4
"535",2013-06-08,28,20,24,28,18,23,1,37,NA,9,NA,0,0,0,0,6
"536",2013-06-09,28,20,24,28,18,23,1,39,NA,7,NA,0.03,0,0,0,6
"537",2013-06-10,27,21,24,28,18,23,1,38,NA,8,NA,7.04,0,0,0,6
"538",2013-06-11,29,20,24,28,18,23,1,38,NA,7,NA,0,0,0,0,6
"539",2013-06-12,33,21,27,29,19,24,3,35,NA,10,NA,0,0,0,0,9
"540",2013-06-13,32,22,27,29,19,24,3,36,NA,11,NA,0.05,0,0,0,9
"541",2013-06-14,27,17,22,29,19,24,-2,37,NA,9,NA,0.05,0,0,0,4
"542",2013-06-15,29,17,23,29,19,24,-1,38,NA,8,NA,0,0,0,0,5
"543",2013-06-16,31,21,26,29,19,24,2,37,NA,10,NA,0,0,0,0,8
"544",2013-06-17,30,23,26,29,19,24,2,36,NA,10,NA,0,0,0,0,8
"545",2013-06-18,26,20,23,29,20,25,-2,37,NA,11,NA,0.58,0,0,0,5
"546",2013-06-19,26,19,22,30,20,25,-3,37,NA,11,NA,0,0,0,0,4
"547",2013-06-20,27,19,23,30,20,25,-2,37,NA,12,NA,0,0,0,0,5
"548",2013-06-21,29,17,23,30,20,25,-2,37,NA,11,NA,0,0,0,0,5
"549",2013-06-22,30,19,24,30,20,25,-1,38,NA,11,NA,0,0,0,0,6
"550",2013-06-23,30,22,26,30,20,25,1,37,NA,11,NA,1.17,0,0,0,8
"551",2013-06-24,32,23,28,30,20,25,3,38,NA,8,NA,0.05,0,0,0,10
"552",2013-06-25,34,22,28,30,21,26,2,38,NA,12,NA,0,0,0,0,10
"553",2013-06-26,33,23,28,31,21,26,2,38,NA,13,NA,0.03,0,0,0,10
"554",2013-06-27,29,22,26,31,21,26,0,37,NA,14,NA,0.58,0,0,0,8
"555",2013-06-28,32,21,26,31,21,26,0,38,NA,12,NA,7.26,0,0,0,8
"556",2013-06-29,31,21,26,31,21,26,0,40,NA,12,NA,0,0,0,0,8
"557",2013-06-30,31,24,28,31,21,26,2,38,NA,10,NA,0.71,0,0,0,10
"558",NA,NA,NA,NA,NA,NA,NA,NA,NA,NA,NA,NA,NA,NA,NA,NA,NA
"559",2013-07-01,29,23,26,31,21,26,0,39,NA,12,NA,1.52,0,0,0,8
"560",2013-07-02,29,23,26,31,21,26,0,38,NA,13,NA,0.43,0,0,0,8
"561",2013-07-03,31,23,27,31,21,26,1,38,NA,12,NA,0.38,0,0,0,9
"562",2013-07-04,32,24,28,31,21,26,2,38,NA,11,NA,0,0,0,0,10
"563",2013-07-05,32,24,28,31,22,26,2,39,NA,12,NA,0,0,0,0,10
"564",2013-07-06,33,25,29,31,22,26,3,39,NA,14,NA,0,0,0,0,11
"565",2013-07-07,33,23,28,31,22,26,2,41,NA,13,NA,0.1,0,0,0,10
"566",2013-07-08,31,23,27,31,22,27,0,39,NA,12,NA,0.1,0,0,0,9
"567",2013-07-09,30,24,27,31,22,27,0,40,NA,13,NA,0,0,0,0,9
"568",2013-07-10,32,24,28,31,22,27,1,41,NA,12,NA,1.45,0,0,0,10
"569",2013-07-11,31,24,28,32,22,27,1,37,NA,12,NA,0,0,0,0,10
"570",2013-07-12,24,21,22,32,22,27,-5,37,NA,12,NA,3.53,0,0,0,4
"571",2013-07-13,30,22,26,32,22,27,-1,38,NA,13,NA,0.18,0,0,0,8
"572",2013-07-14,32,24,28,32,22,27,1,38,NA,13,NA,0,0,0,0,10
"573",2013-07-15,36,24,30,32,22,27,3,38,NA,13,NA,0,0,0,0,12
"574",2013-07-16,36,27,32,32,22,27,5,40,NA,13,NA,0,0,0,0,14
"575",2013-07-17,36,27,32,32,22,27,5,39,NA,13,NA,0,0,0,0,14
"576",2013-07-18,35,27,31,31,22,27,4,39,NA,13,NA,2.64,0,0,0,13
"577",2013-07-19,35,27,31,31,22,27,4,39,NA,13,NA,0,0,0,0,13
"578",2013-07-20,34,27,30,31,22,27,3,41,NA,12,NA,0,0,0,0,12
"579",2013-07-21,34,26,30,31,22,27,3,40,NA,13,NA,0,0,0,0,12
"580",2013-07-22,32,24,28,31,22,27,1,39,NA,12,NA,0.25,0,0,0,10
"581",2013-07-23,32,24,28,31,22,27,1,39,NA,13,NA,0,0,0,0,10
"582",2013-07-24,30,23,26,31,22,27,-1,38,NA,14,NA,0,0,0,0,8
"583",2013-07-25,28,18,23,31,22,27,-4,38,NA,14,NA,0,0,0,0,5
"584",2013-07-26,29,19,24,31,22,27,-3,39,NA,12,NA,0,0,0,0,6
"585",2013-07-27,30,22,26,31,22,26,0,38,NA,13,NA,0.66,0,0,0,8
"586",2013-07-28,29,22,26,31,22,26,0,38,NA,13,NA,0,0,0,0,8
"587",2013-07-29,29,20,24,31,22,26,-2,40,NA,14,NA,0,0,0,0,6
"588",2013-07-30,29,19,24,31,22,26,-2,37,NA,13,NA,0,0,0,0,6
"589",2013-07-31,28,22,25,31,22,26,-1,39,NA,11,NA,0,0,0,0,7
"590",2013-08-01,28,21,24,31,22,26,-2,38,NA,12,NA,1.04,0,0,0,6
"591",2013-08-02,31,22,26,31,22,26,0,38,NA,13,NA,0,0,0,0,8
"592",2013-08-03,28,21,24,31,22,26,-2,38,NA,13,NA,0.08,0,0,0,6
"593",2013-08-04,28,20,24,31,22,26,-2,39,NA,12,NA,0,0,0,0,6
"594",2013-08-05,28,17,22,31,22,26,-4,39,NA,12,NA,0,0,0,0,4
"595",2013-08-06,23,21,22,31,22,26,-4,41,NA,12,NA,0.18,0,0,0,4
"596",2013-08-07,29,22,26,31,22,26,0,40,NA,14,NA,0,0,0,0,8
"597",2013-08-08,31,24,28,31,21,26,2,39,NA,12,NA,0,0,0,0,10
"598",2013-08-09,34,26,30,31,21,26,4,39,NA,14,NA,0,0,0,0,12
"599",2013-08-10,29,24,26,31,21,26,0,37,NA,13,NA,0.03,0,0,0,8
"600",2013-08-11,30,23,26,31,21,26,0,38,NA,13,NA,0,0,0,0,8
"601",2013-08-12,33,23,28,31,21,26,2,37,NA,13,NA,0,0,0,0,10
"602",2013-08-13,32,22,27,31,21,26,1,38,NA,13,NA,1.12,0,0,0,9
"603",2013-08-14,26,17,22,31,21,26,-4,37,NA,13,NA,0,0,0,0,4
"604",2013-08-15,27,16,22,30,21,26,-4,39,NA,11,NA,0,0,0,0,4
"605",2013-08-16,27,17,22,30,21,26,-4,39,NA,12,NA,0,0,0,0,4
"606",2013-08-17,27,17,22,30,21,26,-4,41,NA,11,NA,0,0,0,0,4
"607",2013-08-18,23,19,21,30,21,26,-5,37,NA,12,NA,0.48,0,0,0,3
"608",2013-08-19,24,18,21,30,21,26,-5,37,NA,12,NA,0,0,0,0,3
"609",2013-08-20,32,21,26,30,21,26,0,38,NA,10,NA,0,0,0,0,8
"610",2013-08-21,32,23,28,30,21,25,3,38,NA,12,NA,0.18,0,0,0,10
"611",2013-08-22,33,23,28,30,21,25,3,37,NA,11,NA,0,0,0,0,10
"612",2013-08-23,26,19,22,30,21,25,-3,37,NA,11,NA,0.28,0,0,0,4
"613",2013-08-24,29,18,24,30,21,25,-1,37,NA,9,NA,0,0,0,0,6
"614",2013-08-25,28,18,23,30,20,25,-2,36,NA,12,NA,0,0,0,0,5
"615",2013-08-26,32,18,25,30,20,25,0,36,NA,12,NA,0,0,0,0,7
"616",2013-08-27,34,23,28,30,20,25,3,38,NA,11,NA,0,0,0,0,10
"617",2013-08-28,28,24,26,29,20,25,1,37,NA,10,NA,0.03,0,0,0,8
"618",2013-08-29,31,23,27,29,20,25,2,37,NA,9,NA,0,0,0,0,9
"619",2013-08-30,31,22,26,29,20,25,1,37,NA,10,NA,0,0,0,0,8
"620",2013-08-31,33,23,28,29,20,24,4,38,NA,9,NA,0,0,0,0,10
"621",2013-09-01,34,22,28,29,20,24,4,37,NA,10,NA,0.03,0,0,0,10
"622",2013-09-02,33,23,28,29,19,24,4,38,NA,10,NA,0.28,0,0,0,10
"623",2013-09-03,31,21,26,29,19,24,2,37,NA,9,NA,0,0,0,0,8
"624",2013-09-04,29,18,24,29,19,24,0,35,NA,9,NA,0,0,0,0,6
"625",2013-09-05,31,19,25,28,19,24,1,36,NA,10,NA,0,0,0,0,7
"626",2013-09-06,26,16,21,28,19,24,-3,37,NA,8,NA,0,0,0,0,3
"627",2013-09-07,28,16,22,28,19,23,-1,40,NA,8,NA,0,0,0,0,4
"628",2013-09-08,33,21,27,28,18,23,4,38,NA,11,NA,0,0,0,0,9
"629",2013-09-09,27,18,22,28,18,23,-1,37,NA,9,NA,0,0,0,0,4
"630",2013-09-10,33,23,28,28,18,23,5,37,NA,7,NA,0,0,0,0,10
"631",2013-09-11,34,24,29,27,18,23,6,37,NA,4,NA,0,0,0,0,11
"632",2013-09-12,34,23,28,27,18,22,6,36,NA,5,NA,0.46,0,0,0,10
"633",2013-09-13,28,17,22,27,18,22,0,34,NA,7,NA,0,0,0,0,4
"634",2013-09-14,23,13,18,27,17,22,-4,34,NA,8,NA,0,0,0,0,0
"635",2013-09-15,26,12,19,27,17,22,-3,36,NA,6,NA,0,0,0,0,1
"636",2013-09-16,25,17,21,26,17,22,-1,36,NA,7,NA,0.13,0,0,0,3
"637",2013-09-17,22,12,17,26,17,21,-4,36,NA,7,NA,0,0,0,1,0
"638",2013-09-18,23,11,17,26,16,21,-4,33,NA,7,NA,0,0,0,1,0
"639",2013-09-19,26,13,20,26,16,21,-1,36,NA,7,NA,0,0,0,0,2
"640",2013-09-20,28,16,22,26,16,21,1,34,NA,5,NA,0,0,0,0,4
"641",2013-09-21,27,18,22,25,16,21,1,36,NA,5,NA,2.21,0,0,0,4
"642",2013-09-22,24,14,19,25,16,20,-1,37,NA,4,NA,0,0,0,0,1
"643",2013-09-23,21,12,16,25,15,20,-4,37,NA,2,NA,0,0,0,2,0
"644",2013-09-24,24,11,18,25,15,20,-2,37,NA,4,NA,0,0,0,0,0
"645",2013-09-25,26,12,19,24,15,20,-1,35,NA,4,NA,0,0,0,0,1
"646",2013-09-26,25,15,20,24,15,19,1,36,NA,3,NA,0,0,0,0,2
"647",2013-09-27,24,15,20,24,14,19,1,35,NA,4,NA,0,0,0,0,2
"648",2013-09-28,23,16,20,24,14,19,1,33,NA,6,NA,0,0,0,0,2
"649",2013-09-29,25,12,18,24,14,19,-1,34,NA,4,NA,0,0,0,0,0
"650",2013-09-30,24,13,18,23,14,18,0,33,NA,3,NA,0,0,0,0,0
"651",NA,NA,NA,NA,NA,NA,NA,NA,NA,NA,NA,NA,NA,NA,NA,NA,NA
"652",2013-10-01,29,15,22,23,13,18,4,34,NA,2,NA,0,0,0,0,4
"653",2013-10-02,31,17,24,23,13,18,6,32,NA,1,NA,0,0,0,0,6
"654",2013-10-03,30,18,24,23,13,18,6,33,NA,2,NA,0,0,0,0,6
"655",2013-10-04,32,19,26,22,13,18,8,34,NA,1,NA,0,0,0,0,8
"656",2013-10-05,32,21,26,22,13,17,9,36,NA,3,NA,0,0,0,0,8
"657",2013-10-06,33,21,27,22,12,17,10,34,NA,2,NA,0,0,0,0,9
"658",2013-10-07,26,14,20,22,12,17,3,34,NA,1,NA,2.87,0,0,0,2
"659",2013-10-08,21,12,16,22,12,17,-1,33,NA,2,NA,0,0,0,2,0
"660",2013-10-09,17,14,16,21,12,17,-1,34,NA,1,NA,0.33,0,0,2,0
"661",2013-10-10,16,13,14,21,11,16,-2,33,NA,-1,NA,4.52,0,0,4,0
"662",2013-10-11,18,15,16,21,11,16,0,32,NA,1,NA,7.01,0,0,2,0
"663",2013-10-12,21,17,19,21,11,16,3,32,NA,-1,NA,0.74,0,0,0,1
"664",2013-10-13,19,15,17,21,11,16,1,32,NA,-1,NA,0.08,0,0,1,0
"665",2013-10-14,22,14,18,21,11,16,2,31,NA,0,NA,0,0,0,0,0
"666",2013-10-15,23,12,18,20,10,15,3,31,NA,0,NA,0,0,0,0,0
"667",2013-10-16,23,17,20,20,10,15,5,32,NA,-1,NA,0,0,0,0,2
"668",2013-10-17,25,17,21,20,10,15,6,30,NA,1,NA,0,0,0,0,3
"669",2013-10-18,21,12,16,20,10,15,1,29,NA,1,NA,0,0,0,2,0
"670",2013-10-19,19,12,16,20,10,15,1,31,NA,-1,NA,0,0,0,2,0
"671",2013-10-20,19,9,14,19,9,14,0,30,NA,-1,NA,0,0,0,4,0
"672",2013-10-21,20,8,14,19,9,14,0,29,NA,-1,NA,0,0,0,4,0
"673",2013-10-22,20,11,16,19,9,14,2,29,NA,-2,NA,0,0,0,2,0
"674",2013-10-23,16,8,12,19,9,14,-2,29,NA,1,NA,0.18,0,0,6,0
"675",2013-10-24,12,6,9,19,9,14,-5,29,NA,-2,NA,0,0,0,9,0
"676",2013-10-25,14,3,8,19,9,14,-6,27,NA,-1,NA,0,0,0,10,0
"677",2013-10-26,14,2,8,18,8,13,-5,28,NA,-2,NA,0,0,0,10,0
"678",2013-10-27,17,6,12,18,8,13,-1,28,NA,-1,NA,0,0,0,6,0
"679",2013-10-28,19,6,12,18,8,13,-1,31,NA,-3,NA,0,0,0,6,0
"680",2013-10-29,18,7,12,18,8,13,-1,28,NA,-1,NA,0,0,0,6,0
"681",2013-10-30,18,12,15,18,8,13,2,28,NA,-3,NA,0.15,0,0,3,0
"682",2013-10-31,20,13,16,18,8,13,3,29,NA,-3,NA,0,0,0,2,0
"683",2013-11-01,23,16,20,17,7,12,8,30,NA,-3,NA,0.36,0,0,0,2
"684",2013-11-02,22,11,16,17,7,12,4,29,NA,-2,NA,0,0,0,2,0
"685",2013-11-03,15,7,11,17,7,12,-1,27,NA,-2,NA,0,0,0,7,0
"686",2013-11-04,9,2,6,17,7,12,-6,29,NA,-3,NA,0,0,0,12,0
"687",2013-11-05,15,4,10,17,7,12,-2,27,NA,-7,NA,0,0,0,8,0
"688",2013-11-06,20,12,16,16,7,12,4,27,NA,-3,NA,0,0,0,2,0
"689",2013-11-07,18,7,12,16,7,11,1,25,NA,-3,NA,0.03,0,0,6,0
"690",2013-11-08,12,2,7,16,6,11,-4,27,NA,-3,NA,0,0,0,11,0
"691",2013-11-09,13,1,7,16,6,11,-4,26,NA,-3,NA,0,0,0,11,0
"692",2013-11-10,19,5,12,16,6,11,1,24,NA,-3,NA,0,0,0,6,0
"693",2013-11-11,14,4,9,15,6,11,-2,26,NA,-3,NA,0,0,0,9,0
"694",2013-11-12,12,1,6,15,6,10,-4,25,NA,-4,NA,0,0,0,12,0
"695",2013-11-13,7,0,4,15,6,10,-6,27,NA,-6,NA,0,0,0,14,0
"696",2013-11-14,13,-2,6,15,5,10,-4,25,NA,-7,NA,0,0,0,12,0
"697",2013-11-15,16,1,8,15,5,10,-2,28,NA,-7,NA,0.2,0,0,10,0
"698",2013-11-16,12,8,10,14,5,10,0,24,NA,-7,NA,0.86,0,0,8,0
"699",2013-11-17,18,11,14,14,5,10,4,25,NA,-8,NA,0,0,0,4,0
"700",2013-11-18,22,11,16,14,5,9,7,27,NA,-6,NA,0.38,0,0,2,0
"701",2013-11-19,11,5,8,14,5,9,-1,25,NA,-8,NA,0,0,0,10,0
"702",2013-11-20,9,2,6,13,4,9,-3,26,NA,-7,NA,0,0,0,12,0
"703",2013-11-21,11,2,6,13,4,9,-3,26,NA,-8,NA,0,0,0,12,0
"704",2013-11-22,17,8,12,13,4,8,4,25,NA,-11,NA,0,0,0,6,0
"705",2013-11-23,15,1,8,13,4,8,0,24,NA,-11,NA,0,0,0,10,0
"706",2013-11-24,1,-3,-1,12,4,8,-9,23,NA,-11,NA,0,0,0,19,0
"707",2013-11-25,3,-4,0,12,4,8,-8,26,NA,-8,NA,0,0,0,18,0
"708",2013-11-26,9,2,6,12,3,8,-2,23,NA,-8,NA,3.71,0,0,12,0
"709",2013-11-27,6,-1,2,12,3,8,-6,24,NA,-10,NA,1.88,0,0,16,0
"710",2013-11-28,4,-2,1,12,3,7,-6,23,NA,-9,NA,0,0,0,17,0
"711",2013-11-29,7,-2,2,11,3,7,-5,24,NA,-10,NA,0,0,0,16,0
"712",2013-11-30,4,-2,1,11,3,7,-6,24,NA,-12,NA,0,0,0,17,0
"713",NA,NA,NA,NA,NA,NA,NA,NA,NA,NA,NA,NA,NA,NA,NA,NA,NA
"714",2013-12-01,9,-1,4,11,2,7,-3,24,NA,-10,NA,0,0,0,14,0
"715",2013-12-02,10,5,8,11,2,7,1,23,NA,-9,NA,0,0,0,10,0
"716",2013-12-03,13,5,9,10,2,6,3,22,NA,-9,NA,0,0,0,9,0
"717",2013-12-04,14,4,9,10,2,6,3,24,NA,-9,NA,0,0,0,9,0
"718",2013-12-05,21,9,15,10,2,6,9,24,NA,-10,NA,0,0,0,3,0
"719",2013-12-06,18,5,12,10,2,6,6,26,NA,-12,NA,1.6,0,0,6,0
"720",2013-12-07,7,1,4,10,2,6,-2,26,NA,-12,NA,0.41,0,0,14,0
"721",2013-12-08,1,-2,0,9,1,5,-5,23,NA,-13,NA,2.08,15,0,18,0
"722",2013-12-09,3,0,2,9,1,5,-3,22,NA,-16,NA,1.75,0,0,16,0
"723",2013-12-10,4,-1,2,9,1,5,-3,19,NA,-16,NA,0.89,23.1,0,16,0
"724",2013-12-11,6,-4,1,9,1,5,-4,20,NA,-11,NA,0,0,0,17,0
"725",2013-12-12,2,-3,0,9,1,5,-5,22,NA,-11,NA,0,0,0,18,0
"726",2013-12-13,7,-4,2,8,1,5,-3,22,NA,-12,NA,0,0,0,16,0
"727",2013-12-14,6,1,4,8,0,4,0,21,NA,-14,NA,1.17,0,0,14,0
"728",2013-12-15,11,1,6,8,0,4,2,22,NA,-14,NA,0,0,0,12,0
"729",2013-12-16,4,1,2,8,0,4,-2,23,NA,-12,NA,0,0,0,16,0
"730",2013-12-17,4,2,3,8,0,4,-1,18,NA,-12,NA,0.05,0,0,15,0
"731",2013-12-18,7,0,4,8,0,4,0,23,NA,-12,NA,0,0,0,14,0
"732",2013-12-19,16,-1,8,8,0,4,4,23,NA,-14,NA,0,0,0,10,0
"733",2013-12-20,16,7,12,7,0,3,9,19,NA,-17,NA,0,0,0,6,0
"734",2013-12-21,22,11,16,7,0,3,13,22,NA,-17,NA,0,0,0,2,0
"735",2013-12-22,22,14,18,7,-1,3,15,NA,NA,-16,NA,0.61,0,0,0,0
"736",2013-12-23,18,5,12,7,-1,3,9,22,NA,-14,NA,2.16,0,0,6,0
"737",2013-12-24,6,-3,2,7,-1,3,-1,22,NA,-15,NA,0,0,0,16,0
"738",2013-12-25,1,-6,-2,7,-1,3,-5,22,NA,-16,NA,0,0,0,20,0
"739",2013-12-26,7,-3,2,7,-1,3,-1,22,NA,-16,NA,0,0,0,16,0
"740",2013-12-27,10,-1,4,7,-1,3,1,22,NA,-17,NA,0,0,0,14,0
"741",2013-12-28,14,-1,6,7,-1,3,3,24,NA,-12,NA,0,0,0,12,0
"742",2013-12-29,11,6,8,7,-1,3,5,24,NA,-17,NA,3.33,0,0,10,0
"743",2013-12-30,9,2,6,7,-1,3,3,21,NA,-22,NA,0,0,0,12,0
"744",2013-12-31,9,-1,4,6,-1,2,2,21,NA,-25,NA,0,0,0,14,0
"745",2014-01-01,9,-1,4,6,-1,2,2,21,NA,-26,NA,0,0,0,14,0
"746",2014-01-02,4,1,2,6,-2,2,0,22,NA,-18,NA,0.86,48,0,16,0
"747",2014-01-03,1,-8,-4,6,-2,2,-6,20,NA,-21,NA,0,0,51,22,0
"748",2014-01-04,1,-8,-4,6,-2,2,-6,23,NA,-19,NA,0,0,51,22,0
"749",2014-01-05,6,-1,2,6,-2,2,0,22,NA,-19,NA,0.28,0,25,16,0
"750",2014-01-06,9,-12,-2,6,-2,2,-4,23,NA,-17,NA,0.33,0,0,20,0
"751",2014-01-07,-6,-14,-10,6,-2,2,-12,24,NA,-15,NA,0,0,0,28,0
"752",2014-01-08,-1,-11,-6,6,-2,2,-8,23,NA,-18,NA,0,0,0,24,0
"753",2014-01-09,5,-2,2,6,-2,2,0,24,NA,-16,NA,0,0,0,16,0
"754",2014-01-10,4,-2,1,6,-2,2,-1,21,NA,-19,NA,0.74,0,0,17,0
"755",2014-01-11,14,3,8,6,-2,2,6,24,NA,-17,NA,2.21,0,0,10,0
"756",2014-01-12,12,2,7,6,-2,2,5,24,NA,-16,NA,0,0,0,11,0
"757",2014-01-13,16,0,8,6,-2,2,6,24,NA,-22,NA,0,0,0,10,0
"758",2014-01-14,12,5,8,6,-2,2,6,24,NA,-25,NA,0.89,0,0,10,0
"759",2014-01-15,10,4,7,6,-2,2,5,25,NA,-16,NA,0,0,0,11,0
"760",2014-01-16,6,1,4,6,-2,2,2,23,NA,-17,NA,0,0,0,14,0
"761",2014-01-17,9,-1,4,6,-2,2,2,22,NA,-21,NA,0,0,0,14,0
"762",2014-01-18,4,-4,0,6,-2,2,-2,21,NA,-21,NA,0,0,0,18,0
"763",2014-01-19,11,-4,4,6,-2,2,2,22,NA,-20,NA,0,0,0,14,0
"764",2014-01-20,15,3,9,6,-2,2,7,21,NA,-19,NA,0,0,0,9,0
"765",2014-01-21,5,-8,-2,6,-2,2,-4,21,NA,-20,NA,0.46,97,0,20,0
"766",2014-01-22,-7,-13,-10,6,-2,2,-12,24,NA,-17,NA,0,0,102,28,0
"767",2014-01-23,-2,-11,-6,6,-2,2,-8,22,NA,-18,NA,0,0,76,24,0
"768",2014-01-24,-4,-12,-8,6,-2,2,-10,23,NA,-16,NA,0,0,76,26,0
"769",2014-01-25,2,-6,-2,7,-2,2,-4,24,NA,-16,NA,0,0,51,20,0
"770",2014-01-26,2,-7,-2,7,-2,2,-4,26,NA,-15,NA,0,0,25,20,0
"771",2014-01-27,12,-5,4,7,-2,2,2,24,NA,-14,NA,0,0,0,14,0
"772",2014-01-28,-5,-11,-8,7,-2,2,-10,23,NA,-19,NA,0,13,0,26,0
"773",2014-01-29,-3,-11,-7,7,-2,2,-9,24,NA,-17,NA,0.08,9.9,25,25,0
"774",2014-01-30,1,-9,-4,7,-2,2,-6,25,NA,-21,NA,0,0,0,22,0
"775",2014-01-31,11,-4,4,7,-2,3,1,22,NA,-19,NA,0,0,0,14,0
"776",2014-02-01,12,-2,5,7,-2,3,2,25,NA,-14,NA,0,0,0,13,0
"777",2014-02-02,18,1,10,7,-2,3,7,22,NA,-17,NA,0,0,0,8,0
"778",2014-02-03,10,1,6,7,-2,3,3,18,NA,-18,NA,3.76,0,0,12,0
"779",2014-02-04,4,-1,2,7,-1,3,-1,21,NA,-17,NA,0.13,0,0,16,0
"780",2014-02-05,7,1,4,7,-1,3,1,21,NA,-23,NA,0.84,0,0,14,0
"781",2014-02-06,3,-1,1,7,-1,3,-2,23,NA,-17,NA,0,0,0,17,0
"782",2014-02-07,7,-2,2,7,-1,3,-1,18,NA,-16,NA,0,0,0,16,0
"783",2014-02-08,3,-2,0,8,-1,3,-3,20,NA,-18,NA,0,0,0,18,0
"784",2014-02-09,2,-2,0,8,-1,3,-3,21,NA,-22,NA,0,3,0,18,0
"785",2014-02-10,2,-4,-1,8,-1,3,-4,20,NA,-22,NA,0,0,0,19,0
"786",2014-02-11,2,-6,-2,8,-1,3,-5,24,NA,-26,NA,0,0,0,20,0
"787",2014-02-12,-1,-7,-4,8,-1,3,-7,23,NA,-16,NA,0.23,27.9,0,22,0
"788",2014-02-13,4,-3,0,8,-1,4,-4,22,NA,-17,NA,4.09,150.1,152,18,0
"789",2014-02-14,11,1,6,8,-1,4,2,23,NA,-16,NA,0,0,102,12,0
"790",2014-02-15,4,-1,2,8,-1,4,-2,25,NA,-21,NA,0.18,0,76,16,0
"791",2014-02-16,3,-3,0,8,-1,4,-4,24,NA,-15,NA,0,0,51,18,0
"792",2014-02-17,3,-4,0,9,0,4,-4,26,NA,-15,NA,0,0,25,18,0
"793",2014-02-18,14,-1,6,9,0,4,2,25,NA,-16,NA,0.15,7.9,25,12,0
"794",2014-02-19,17,2,10,9,0,4,6,23,NA,-16,NA,0.3,0,0,8,0
"795",2014-02-20,13,3,8,9,0,4,4,24,NA,-15,NA,0,0,0,10,0
"796",2014-02-21,21,4,12,9,0,5,7,24,NA,-14,NA,0.08,0,0,6,0
"797",2014-02-22,18,1,10,9,0,5,5,25,NA,-13,NA,0,0,0,8,0
"798",2014-02-23,18,8,13,9,0,5,8,26,NA,-12,NA,0,0,0,5,0
"799",2014-02-24,9,1,5,10,0,5,0,26,NA,-17,NA,0,0,0,13,0
"800",2014-02-25,4,-1,2,10,0,5,-3,29,NA,-18,NA,0.28,71.1,0,16,0
"801",2014-02-26,3,-3,0,10,0,5,-5,23,NA,-11,NA,0.18,24.9,0,18,0
"802",2014-02-27,6,-6,0,10,1,5,-5,25,NA,-13,NA,0,0,0,18,0
"803",2014-02-28,-1,-10,-6,10,1,5,-11,28,NA,-18,NA,0,0,0,24,0
"804",NA,NA,NA,NA,NA,NA,NA,NA,NA,NA,NA,NA,NA,NA,NA,NA,NA
"805",NA,NA,NA,NA,NA,NA,NA,NA,NA,NA,NA,NA,NA,NA,NA,NA,NA
"806",NA,NA,NA,NA,NA,NA,NA,NA,NA,NA,NA,NA,NA,NA,NA,NA,NA
"807",2014-03-01,8,-5,2,10,1,6,-4,27,NA,-11,NA,0,0,0,16,0
"808",2014-03-02,12,2,7,11,1,6,1,25,NA,-11,NA,0.58,0,0,11,0
"809",2014-03-03,3,-8,-2,11,1,6,-8,26,NA,-12,NA,1.4,97,25,20,0
"810",2014-03-04,1,-10,-4,11,1,6,-10,28,NA,-16,NA,0,0,102,22,0
"811",2014-03-05,8,-4,2,11,1,6,-4,28,NA,-14,NA,0,0,51,16,0
"812",2014-03-06,2,-3,0,11,2,6,-6,27,NA,-12,NA,0,0,0,18,0
"813",2014-03-07,8,-1,4,12,2,7,-3,25,NA,-11,NA,0,0,0,14,0
"814",2014-03-08,19,0,10,12,2,7,3,29,NA,-10,NA,0,0,0,8,0
"815",2014-03-09,11,6,8,12,2,7,1,27,NA,-9,NA,0,0,0,10,0
"816",2014-03-10,16,4,10,12,2,7,3,26,NA,-10,NA,0,0,0,8,0
"817",2014-03-11,22,7,14,12,2,7,7,26,NA,-9,NA,0,0,0,4,0
"818",2014-03-12,21,1,11,12,2,7,4,32,NA,-12,NA,0.1,0,0,7,0
"819",2014-03-13,2,-5,-2,13,3,8,-10,31,NA,-10,NA,0,0,0,20,0
"820",2014-03-14,16,-2,7,13,3,8,-1,30,NA,-11,NA,0,0,0,11,0
"821",2014-03-15,21,8,14,13,3,8,6,28,NA,-9,NA,0,0,0,4,0
"822",2014-03-16,9,-1,4,13,3,8,-4,30,NA,-10,NA,0.81,84.1,76,14,0
"823",2014-03-17,0,-3,-2,13,3,8,-10,31,NA,-11,NA,0.89,99.1,178,20,0
"824",2014-03-18,6,-1,2,14,3,8,-6,27,NA,-11,NA,0,0,152,16,0
"825",2014-03-19,7,2,4,14,3,9,-5,29,NA,-11,NA,0.94,0,0,14,0
"826",2014-03-20,16,6,11,14,4,9,2,28,NA,-11,NA,0,0,0,7,0
"827",2014-03-21,14,7,10,14,4,9,1,32,NA,-12,NA,0,0,0,8,0
"828",2014-03-22,23,7,15,14,4,9,6,32,NA,-8,NA,0,0,0,3,0
"829",2014-03-23,11,1,6,15,4,9,-3,34,NA,-9,NA,0,0,0,12,0
"830",2014-03-24,6,-3,2,15,4,10,-8,29,NA,-8,NA,0,0,0,16,0
"831",2014-03-25,2,-1,0,15,5,10,-10,29,NA,-7,NA,0.74,42.9,0,18,0
"832",2014-03-26,4,-1,2,15,5,10,-8,31,NA,-5,NA,0,0,0,16,0
"833",2014-03-27,11,-3,4,15,5,10,-6,30,NA,-7,NA,0,0,0,14,0
"834",2014-03-28,20,8,14,16,5,10,4,29,NA,-6,NA,0.1,0,0,4,0
"835",2014-03-29,17,12,14,16,5,11,3,33,NA,-8,NA,2.59,0,0,4,0
"836",2014-03-30,12,2,7,16,5,11,-4,31,NA,-6,NA,2.67,0,0,11,0
"837",2014-03-31,19,6,12,16,6,11,1,29,NA,-6,NA,0,0,0,6,0
"838",2014-04-01,19,7,13,16,6,11,2,31,NA,-9,NA,0,0,0,5,0
"839",2014-04-02,21,7,14,17,6,11,3,32,NA,-5,NA,0,0,0,4,0
"840",2014-04-03,21,12,16,17,6,12,4,31,NA,-3,NA,0,0,0,2,0
"841",2014-04-04,17,10,14,17,6,12,2,29,NA,-3,NA,0.15,0,0,4,0
"842",2014-04-05,16,8,12,17,7,12,0,30,NA,-4,NA,0,0,0,6,0
"843",2014-04-06,17,4,10,17,7,12,-2,33,NA,-3,NA,0,0,0,8,0
"844",2014-04-07,12,6,9,18,7,12,-3,34,NA,-4,NA,0.97,0,0,9,0
"845",2014-04-08,20,11,16,18,7,12,4,34,NA,-2,NA,0.1,0,0,2,0
"846",2014-04-09,21,7,14,18,7,13,1,32,NA,-2,NA,0,0,0,4,0
"847",2014-04-10,22,7,14,18,7,13,1,33,NA,-2,NA,0,0,0,4,0
"848",2014-04-11,28,16,22,18,8,13,9,33,NA,-3,NA,0,0,0,0,4
"849",2014-04-12,25,14,20,19,8,13,7,32,NA,-4,NA,0,0,0,0,2
"850",2014-04-13,29,13,21,19,8,13,8,32,NA,-3,NA,0,0,0,0,3
"851",2014-04-14,27,18,22,19,8,14,8,33,NA,-4,NA,0.15,0,0,0,4
"852",2014-04-15,22,3,12,19,8,14,-2,32,NA,-2,NA,3.73,0,0,6,0
"853",2014-04-16,11,1,6,19,8,14,-8,33,NA,-2,NA,0,0,0,12,0
"854",2014-04-17,13,4,8,20,9,14,-6,35,NA,-3,NA,0,0,0,10,0
"855",2014-04-18,14,4,9,20,9,14,-5,35,NA,-4,NA,0,0,0,9,0
"856",2014-04-19,22,8,15,20,9,14,1,34,NA,-6,NA,0,0,0,3,0
"857",2014-04-20,18,9,14,20,9,15,-1,34,NA,-2,NA,0,0,0,4,0
"858",2014-04-21,21,6,14,20,9,15,-1,32,NA,-1,NA,0,0,0,4,0
"859",2014-04-22,22,11,16,20,10,15,1,34,NA,-1,NA,0.08,0,0,2,0
"860",2014-04-23,16,9,12,21,10,15,-3,35,NA,1,NA,0,0,0,6,0
"861",2014-04-24,19,7,13,21,10,15,-2,34,NA,1,NA,0,0,0,5,0
"862",2014-04-25,21,9,15,21,10,15,0,34,NA,0,NA,0.99,0,0,3,0
"863",2014-04-26,26,10,18,21,10,16,2,34,NA,1,NA,0.05,0,0,0,0
"864",2014-04-27,21,10,16,21,10,16,0,35,NA,3,NA,0,0,0,2,0
"865",2014-04-28,17,10,14,21,10,16,-2,33,NA,1,NA,0.28,0,0,4,0
"866",2014-04-29,11,7,9,22,11,16,-7,33,NA,-1,NA,3.07,0,0,9,0
"867",2014-04-30,19,11,15,22,11,16,-1,33,NA,1,NA,6.86,0,0,3,0
"868",NA,NA,NA,NA,NA,NA,NA,NA,NA,NA,NA,NA,NA,NA,NA,NA,NA
"869",2014-05-01,25,14,20,22,11,16,4,34,NA,1,NA,0.41,0,0,0,2
"870",2014-05-02,22,13,18,22,11,17,1,32,NA,2,NA,0,0,0,0,0
"871",2014-05-03,23,14,18,22,11,17,1,33,NA,2,NA,0,0,0,0,0
"872",2014-05-04,27,13,20,22,12,17,3,34,NA,4,NA,0,0,0,0,2
"873",2014-05-05,19,10,14,22,12,17,-3,34,NA,4,NA,0.97,0,0,4,0
"874",2014-05-06,23,12,18,23,12,17,1,34,NA,3,NA,0,0,0,0,0
"875",2014-05-07,18,13,16,23,12,17,-1,35,NA,3,NA,0.36,0,0,2,0
"876",2014-05-08,31,15,23,23,12,18,5,33,NA,4,NA,0,0,0,0,5
"877",2014-05-09,24,16,20,23,12,18,2,36,NA,1,NA,0,0,0,0,2
"878",2014-05-10,26,19,22,23,13,18,4,35,NA,2,NA,0.41,0,0,0,4
"879",2014-05-11,27,17,22,23,13,18,4,34,NA,1,NA,0,0,0,0,4
"880",2014-05-12,30,17,24,23,13,18,6,34,NA,3,NA,0.2,0,0,0,6
"881",2014-05-13,33,17,25,24,13,18,7,35,NA,4,NA,0,0,0,0,7
"882",2014-05-14,19,16,18,24,13,18,0,34,NA,5,NA,0,0,0,0,0
"883",2014-05-15,27,19,23,24,13,19,4,34,NA,4,NA,1.02,0,0,0,5
"884",2014-05-16,22,13,18,24,14,19,-1,34,NA,3,NA,5.72,0,0,0,0
"885",2014-05-17,21,11,16,24,14,19,-3,33,NA,4,NA,0,0,0,2,0
"886",2014-05-18,21,12,16,24,14,19,-3,36,NA,4,NA,0,0,0,2,0
"887",2014-05-19,23,9,16,24,14,19,-3,36,NA,6,NA,0,0,0,2,0
"888",2014-05-20,25,13,19,25,14,19,0,36,NA,6,NA,0,0,0,0,1
"889",2014-05-21,27,17,22,25,14,20,2,35,NA,5,NA,0.41,0,0,0,4
"890",2014-05-22,32,18,25,25,15,20,5,36,NA,4,NA,0,0,0,0,7
"891",2014-05-23,27,16,22,25,15,20,2,36,NA,7,NA,0,0,0,0,4
"892",2014-05-24,26,14,20,25,15,20,0,33,NA,5,NA,0,0,0,0,2
"893",2014-05-25,29,16,22,25,15,20,2,34,NA,6,NA,0,0,0,0,4
"894",2014-05-26,31,18,24,26,15,21,3,36,NA,6,NA,0,0,0,0,6
"895",2014-05-27,33,21,27,26,16,21,6,35,NA,6,NA,2.31,0,0,0,9
"896",2014-05-28,31,17,24,26,16,21,3,36,NA,6,NA,0.08,0,0,0,6
"897",2014-05-29,17,14,16,26,16,21,-5,36,NA,5,NA,0.74,0,0,2,0
"898",2014-05-30,24,15,20,26,16,21,-1,37,NA,7,NA,0,0,0,0,2
"899",2014-05-31,27,16,22,26,16,21,1,37,NA,7,NA,0,0,0,0,4
"900",2014-06-01,25,15,20,27,17,22,-2,37,NA,7,NA,0,0,0,0,2
"901",2014-06-02,28,14,21,27,17,22,-1,36,NA,6,NA,0,0,0,0,3
"902",2014-06-03,30,19,24,27,17,22,2,37,NA,7,NA,0.03,0,0,0,6
"903",2014-06-04,32,21,26,27,17,22,4,37,NA,8,NA,1.04,0,0,0,8
"904",2014-06-05,28,19,24,27,17,22,2,38,NA,9,NA,0.03,0,0,0,6
"905",2014-06-06,27,17,22,28,18,22,0,36,NA,8,NA,0,0,0,0,4
"906",2014-06-07,30,18,24,28,18,23,1,37,NA,8,NA,0,0,0,0,6
"907",2014-06-08,29,19,24,28,18,23,1,37,NA,9,NA,0.61,0,0,0,6
"908",2014-06-09,29,21,25,28,18,23,2,39,NA,7,NA,0.53,0,0,0,7
"909",2014-06-10,31,23,27,28,18,23,4,38,NA,8,NA,1.98,0,0,0,9
"910",2014-06-11,31,22,26,28,18,23,3,38,NA,7,NA,2.03,0,0,0,8
"911",2014-06-12,27,22,24,29,19,24,0,35,NA,10,NA,0.23,0,0,0,6
"912",2014-06-13,28,22,25,29,19,24,1,36,NA,11,NA,0.56,0,0,0,7
"913",2014-06-14,26,19,22,29,19,24,-2,37,NA,9,NA,0,0,0,0,4
"914",2014-06-15,29,16,22,29,19,24,-2,38,NA,8,NA,0,0,0,0,4
"915",2014-06-16,32,20,26,29,19,24,2,37,NA,10,NA,0,0,0,0,8
"916",2014-06-17,36,23,30,29,19,24,6,36,NA,10,NA,0,0,0,0,12
"917",2014-06-18,35,25,30,29,20,25,5,37,NA,11,NA,0,0,0,0,12
"918",2014-06-19,31,23,27,30,20,25,2,37,NA,11,NA,0,0,0,0,9
"919",2014-06-20,31,21,26,30,20,25,1,37,NA,12,NA,0,0,0,0,8
"920",2014-06-21,24,21,22,30,20,25,-3,37,NA,11,NA,0,0,0,0,4
"921",2014-06-22,28,20,24,30,20,25,-1,38,NA,11,NA,0.23,0,0,0,6
"922",2014-06-23,29,20,24,30,20,25,-1,37,NA,11,NA,0,0,0,0,6
"923",2014-06-24,31,21,26,30,20,25,1,38,NA,8,NA,0,0,0,0,8
"924",2014-06-25,32,24,28,30,21,26,2,38,NA,12,NA,1.14,0,0,0,10
"925",2014-06-26,32,23,28,31,21,26,2,38,NA,13,NA,0,0,0,0,10
"926",2014-06-27,31,22,26,31,21,26,0,37,NA,14,NA,0,0,0,0,8
"927",2014-06-28,31,21,26,31,21,26,0,38,NA,12,NA,0,0,0,0,8
"928",2014-06-29,31,21,26,31,21,26,0,40,NA,12,NA,0,0,0,0,8
"929",2014-06-30,32,22,27,31,21,26,1,38,NA,10,NA,0,0,0,0,9
"930",NA,NA,NA,NA,NA,NA,NA,NA,NA,NA,NA,NA,NA,NA,NA,NA,NA
"931",2014-07-01,34,24,29,31,21,26,3,39,NA,12,NA,0,0,0,0,11
"932",2014-07-02,37,25,31,31,21,26,5,38,NA,13,NA,0.1,0,0,0,13
"933",2014-07-03,33,24,28,31,21,26,2,38,NA,12,NA,0.91,0,0,0,10
"934",2014-07-04,28,20,24,31,21,26,-2,38,NA,11,NA,0.41,0,0,0,6
"935",2014-07-05,30,18,24,31,22,26,-2,39,NA,12,NA,0,0,0,0,6
"936",2014-07-06,32,18,25,31,22,26,-1,39,NA,14,NA,0,0,0,0,7
"937",2014-07-07,34,23,28,31,22,26,2,41,NA,13,NA,0,0,0,0,10
"938",2014-07-08,36,22,29,31,22,27,2,39,NA,12,NA,1.93,0,0,0,11
"939",2014-07-09,32,23,28,31,22,27,1,40,NA,13,NA,0.05,0,0,0,10
"940",2014-07-10,31,21,26,31,22,27,-1,41,NA,12,NA,3.33,0,0,0,8
"941",2014-07-11,32,21,26,32,22,27,-1,37,NA,12,NA,0,0,0,0,8
"942",2014-07-12,32,23,28,32,22,27,1,37,NA,12,NA,0,0,0,0,10
"943",2014-07-13,34,24,29,32,22,27,2,38,NA,13,NA,0.13,0,0,0,11
"944",2014-07-14,34,24,29,32,22,27,2,38,NA,13,NA,0.41,0,0,0,11
"945",2014-07-15,32,22,27,32,22,27,0,38,NA,13,NA,4.34,0,0,0,9
"946",2014-07-16,28,22,25,32,22,27,-2,40,NA,13,NA,0,0,0,0,7
"947",2014-07-17,28,19,24,32,22,27,-3,39,NA,13,NA,0,0,0,0,6
"948",2014-07-18,30,20,25,31,22,27,-2,39,NA,13,NA,0,0,0,0,7
"949",2014-07-19,29,23,26,31,22,27,-1,39,NA,13,NA,0,0,0,0,8
"950",2014-07-20,29,23,26,31,22,27,-1,41,NA,12,NA,0,0,0,0,8
"951",2014-07-21,30,23,26,31,22,27,-1,40,NA,13,NA,0,0,0,0,8
"952",2014-07-22,31,23,27,31,22,27,0,39,NA,12,NA,0,0,0,0,9
"953",2014-07-23,34,24,29,31,22,27,2,39,NA,13,NA,0,0,0,0,11
"954",2014-07-24,28,22,25,31,22,27,-2,38,NA,14,NA,0.03,0,0,0,7
"955",2014-07-25,29,18,24,31,22,27,-3,38,NA,14,NA,0,0,0,0,6
"956",2014-07-26,31,22,26,31,22,27,-1,39,NA,12,NA,0,0,0,0,8
"957",2014-07-27,31,23,27,31,22,26,1,38,NA,13,NA,0.25,0,0,0,9
"958",2014-07-28,30,22,26,31,22,26,0,38,NA,13,NA,0,0,0,0,8
"959",2014-07-29,26,18,22,31,22,26,-4,40,NA,14,NA,0,0,0,0,4
"960",2014-07-30,27,16,22,31,22,26,-4,37,NA,13,NA,0,0,0,0,4
"961",2014-07-31,32,19,26,31,22,26,0,39,NA,11,NA,0,0,0,0,8
"962",2014-08-01,27,20,24,31,22,26,-2,38,NA,12,NA,0.28,0,0,0,6
"963",2014-08-02,29,20,24,31,22,26,-2,38,NA,13,NA,0.15,0,0,0,6
"964",2014-08-03,29,21,25,31,22,26,-1,38,NA,13,NA,1.14,0,0,0,7
"965",2014-08-04,32,21,26,31,22,26,0,39,NA,12,NA,0,0,0,0,8
"966",2014-08-05,33,21,27,31,22,26,1,39,NA,12,NA,0.97,0,0,0,9
"967",2014-08-06,29,21,25,31,22,26,-1,41,NA,12,NA,0,0,0,0,7
"968",2014-08-07,31,22,26,31,22,26,0,40,NA,14,NA,0,0,0,0,8
"969",2014-08-08,29,21,25,31,21,26,-1,39,NA,12,NA,0,0,0,0,7
"970",2014-08-09,31,22,26,31,21,26,0,39,NA,14,NA,0,0,0,0,8
"971",2014-08-10,31,22,26,31,21,26,0,37,NA,13,NA,0,0,0,0,8
"972",2014-08-11,29,21,25,31,21,26,-1,38,NA,13,NA,0.08,0,0,0,7
"973",2014-08-12,26,23,24,31,21,26,-2,37,NA,13,NA,4.06,0,0,0,6
"974",2014-08-13,30,21,26,31,21,26,0,38,NA,13,NA,0,0,0,0,8
"975",2014-08-14,29,18,24,31,21,26,-2,37,NA,13,NA,0,0,0,0,6
"976",2014-08-15,28,17,22,30,21,26,-4,39,NA,11,NA,0,0,0,0,4
"977",2014-08-16,29,18,24,30,21,26,-2,39,NA,12,NA,0,0,0,0,6
"978",2014-08-17,31,22,26,30,21,26,0,41,NA,11,NA,0.03,0,0,0,8
"979",2014-08-18,29,22,26,30,21,26,0,37,NA,12,NA,0,0,0,0,8
"980",2014-08-19,30,23,26,30,21,26,0,37,NA,12,NA,0,0,0,0,8
"981",2014-08-20,32,22,27,30,21,26,1,38,NA,10,NA,0.66,0,0,0,9
"982",2014-08-21,32,22,27,30,21,25,2,38,NA,12,NA,0.03,0,0,0,9
"983",2014-08-22,29,23,26,30,21,25,1,37,NA,11,NA,0,0,0,0,8
"984",2014-08-23,24,22,23,30,21,25,-2,37,NA,11,NA,0.53,0,0,0,5
"985",2014-08-24,28,20,24,30,21,25,-1,37,NA,9,NA,0,0,0,0,6
"986",2014-08-25,29,19,24,30,20,25,-1,36,NA,12,NA,0,0,0,0,6
"987",2014-08-26,32,19,26,30,20,25,1,36,NA,12,NA,0,0,0,0,8
"988",2014-08-27,32,21,26,30,20,25,1,38,NA,11,NA,0,0,0,0,8
"989",2014-08-28,30,22,26,29,20,25,1,37,NA,10,NA,0,0,0,0,8
"990",2014-08-29,29,18,24,29,20,25,-1,37,NA,9,NA,0,0,0,0,6
"991",2014-08-30,30,21,26,29,20,25,1,37,NA,10,NA,0,0,0,0,8
"992",2014-08-31,36,25,30,29,20,24,6,38,NA,9,NA,0.69,0,0,0,12
"993",2014-09-01,35,24,30,29,20,24,6,37,NA,10,NA,0.05,0,0,0,12
"994",2014-09-02,35,25,30,29,19,24,6,38,NA,10,NA,0.2,0,0,0,12
"995",2014-09-03,32,25,28,29,19,24,4,37,NA,9,NA,0,0,0,0,10
"996",2014-09-04,33,23,28,29,19,24,4,35,NA,9,NA,0,0,0,0,10
"997",2014-09-05,34,24,29,28,19,24,5,36,NA,10,NA,0,0,0,0,11
"998",2014-09-06,35,24,30,28,19,24,6,37,NA,8,NA,0.25,0,0,0,12
"999",2014-09-07,29,21,25,28,19,23,2,40,NA,8,NA,0,0,0,0,7
"1000",2014-09-08,25,21,23,28,18,23,0,38,NA,11,NA,0,0,0,0,5
"1001",2014-09-09,26,21,24,28,18,23,1,37,NA,9,NA,0,0,0,0,6
"1002",2014-09-10,28,22,25,28,18,23,2,37,NA,7,NA,0,0,0,0,7
"1003",2014-09-11,33,22,28,27,18,23,5,37,NA,4,NA,0,0,0,0,10
"1004",2014-09-12,27,19,23,27,18,22,1,36,NA,5,NA,0,0,0,0,5
"1005",2014-09-13,23,17,20,27,18,22,-2,34,NA,7,NA,0.58,0,0,0,2
"1006",2014-09-14,23,13,18,27,17,22,-4,34,NA,8,NA,0,0,0,0,0
"1007",2014-09-15,25,14,20,27,17,22,-2,36,NA,6,NA,0,0,0,0,2
"1008",2014-09-16,27,17,22,26,17,22,0,36,NA,7,NA,0,0,0,0,4
"1009",2014-09-17,26,15,20,26,17,21,-1,36,NA,7,NA,0,0,0,0,2
"1010",2014-09-18,27,18,22,26,16,21,1,33,NA,7,NA,0,0,0,0,4
"1011",2014-09-19,26,16,21,26,16,21,0,36,NA,7,NA,0,0,0,0,3
"1012",2014-09-20,29,18,24,26,16,21,3,34,NA,5,NA,0,0,0,0,6
"1013",2014-09-21,30,18,24,25,16,21,3,36,NA,5,NA,0,0,0,0,6
"1014",2014-09-22,24,15,20,25,16,20,0,37,NA,4,NA,0,0,0,0,2
"1015",2014-09-23,24,12,18,25,15,20,-2,37,NA,2,NA,0,0,0,0,0
"1016",2014-09-24,23,15,19,25,15,20,-1,37,NA,4,NA,0.1,0,0,0,1
"1017",2014-09-25,21,17,19,24,15,20,-1,35,NA,4,NA,1.63,0,0,0,1
"1018",2014-09-26,26,17,22,24,15,19,3,36,NA,3,NA,0,0,0,0,4
"1019",2014-09-27,29,16,22,24,14,19,3,35,NA,4,NA,0,0,0,0,4
"1020",2014-09-28,28,16,22,24,14,19,3,33,NA,6,NA,0,0,0,0,4
"1021",2014-09-29,23,18,20,24,14,19,1,34,NA,4,NA,0,0,0,0,2
"1022",2014-09-30,26,19,22,23,14,18,4,33,NA,3,NA,0,0,0,0,4
"1023",NA,NA,NA,NA,NA,NA,NA,NA,NA,NA,NA,NA,NA,NA,NA,NA,NA
"1024",2014-10-01,25,19,22,23,13,18,4,34,NA,2,NA,0.13,0,0,0,4
"1025",2014-10-02,26,17,22,23,13,18,4,32,NA,1,NA,0,0,0,0,4
"1026",2014-10-03,23,18,20,23,13,18,2,33,NA,2,NA,0.23,0,0,0,2
"1027",2014-10-04,22,10,16,22,13,18,-2,34,NA,1,NA,0.08,0,0,2,0
"1028",2014-10-05,18,7,12,22,13,17,-5,36,NA,3,NA,0,0,0,6,0
"1029",2014-10-06,25,9,17,22,12,17,0,34,NA,2,NA,0,0,0,1,0
"1030",2014-10-07,24,17,20,22,12,17,3,34,NA,1,NA,0.38,0,0,0,2
"1031",2014-10-08,27,15,21,22,12,17,4,33,NA,2,NA,0,0,0,0,3
"1032",2014-10-09,24,13,18,21,12,17,1,34,NA,1,NA,0,0,0,0,0
"1033",2014-10-10,19,13,16,21,11,16,0,33,NA,-1,NA,0.2,0,0,2,0
"1034",2014-10-11,16,13,14,21,11,16,-2,32,NA,1,NA,1.02,0,0,4,0
"1035",2014-10-12,18,12,15,21,11,16,-1,32,NA,-1,NA,0,0,0,3,0
"1036",2014-10-13,20,16,18,21,11,16,2,32,NA,-1,NA,0.25,0,0,0,0
"1037",2014-10-14,28,18,23,21,11,16,7,31,NA,0,NA,0,0,0,0,5
"1038",2014-10-15,27,16,22,20,10,15,7,31,NA,0,NA,3.66,0,0,0,4
"1039",2014-10-16,20,16,18,20,10,15,3,32,NA,-1,NA,0.05,0,0,0,0
"1040",2014-10-17,24,13,18,20,10,15,3,30,NA,1,NA,0,0,0,0,0
"1041",2014-10-18,23,13,18,20,10,15,3,29,NA,1,NA,0,0,0,0,0
"1042",2014-10-19,17,10,14,20,10,15,-1,31,NA,-1,NA,0,0,0,4,0
"1043",2014-10-20,21,7,14,19,9,14,0,30,NA,-1,NA,0.03,0,0,4,0
"1044",2014-10-21,23,12,18,19,9,14,4,29,NA,-1,NA,0.58,0,0,0,0
"1045",2014-10-22,14,13,14,19,9,14,0,29,NA,-2,NA,2.18,0,0,4,0
"1046",2014-10-23,20,12,16,19,9,14,2,29,NA,1,NA,0,0,0,2,0
"1047",2014-10-24,22,13,18,19,9,14,4,29,NA,-2,NA,0,0,0,0,0
"1048",2014-10-25,23,9,16,19,9,14,2,27,NA,-1,NA,0,0,0,2,0
"1049",2014-10-26,23,11,17,18,8,13,4,28,NA,-2,NA,0,0,0,1,0
"1050",2014-10-27,22,8,15,18,8,13,2,28,NA,-1,NA,0,0,0,3,0
"1051",2014-10-28,27,14,20,18,8,13,7,31,NA,-3,NA,0,0,0,0,2
"1052",2014-10-29,21,11,16,18,8,13,3,28,NA,-1,NA,0.08,0,0,2,0
"1053",2014-10-30,17,9,13,18,8,13,0,28,NA,-3,NA,0,0,0,5,0
"1054",2014-10-31,15,8,12,18,8,13,-1,29,NA,-3,NA,0,0,0,6,0
"1055",2014-11-01,12,9,10,17,7,12,-2,30,NA,-3,NA,0,0,0,8,0
"1056",2014-11-02,12,7,10,17,7,12,-2,29,NA,-2,NA,0,0,0,8,0
"1057",2014-11-03,19,7,13,17,7,12,1,27,NA,-2,NA,0,0,0,5,0
"1058",2014-11-04,21,8,14,17,7,12,2,29,NA,-3,NA,0,0,0,4,0
"1059",2014-11-05,20,12,16,17,7,12,4,27,NA,-7,NA,0.03,0,0,2,0
"1060",2014-11-06,18,13,16,16,7,12,4,27,NA,-3,NA,1.3,0,0,2,0
"1061",2014-11-07,14,6,10,16,7,11,-1,25,NA,-3,NA,0,0,0,8,0
"1062",2014-11-08,12,2,7,16,6,11,-4,27,NA,-3,NA,0,0,0,11,0
"1063",2014-11-09,16,7,12,16,6,11,1,26,NA,-3,NA,0,0,0,6,0
"1064",2014-11-10,19,6,12,16,6,11,1,24,NA,-3,NA,0,0,0,6,0
"1065",2014-11-11,22,7,14,15,6,11,3,26,NA,-3,NA,0,0,0,4,0
"1066",2014-11-12,20,7,14,15,6,10,4,25,NA,-4,NA,0,0,0,4,0
"1067",2014-11-13,9,4,6,15,6,10,-4,27,NA,-6,NA,0.08,0,0,12,0
"1068",2014-11-14,7,2,4,15,5,10,-6,25,NA,-7,NA,0,0,0,14,0
"1069",2014-11-15,8,0,4,15,5,10,-6,28,NA,-7,NA,0,0,0,14,0
"1070",2014-11-16,9,3,6,14,5,10,-4,24,NA,-7,NA,0.03,0,0,12,0
"1071",2014-11-17,11,6,8,14,5,10,-2,25,NA,-8,NA,1.8,0,0,10,0
"1072",2014-11-18,6,-4,1,14,5,9,-8,27,NA,-6,NA,0,0,0,17,0
"1073",2014-11-19,4,-6,-1,14,5,9,-10,25,NA,-8,NA,0,0,0,19,0
"1074",2014-11-20,13,2,8,13,4,9,-1,26,NA,-7,NA,0,0,0,10,0
"1075",2014-11-21,4,-2,1,13,4,9,-8,26,NA,-8,NA,0,0,0,17,0
"1076",2014-11-22,11,-3,4,13,4,8,-4,25,NA,-11,NA,0,0,0,14,0
"1077",2014-11-23,14,3,8,13,4,8,0,24,NA,-11,NA,0.33,0,0,10,0
"1078",2014-11-24,23,13,18,12,4,8,10,23,NA,-11,NA,0.46,0,0,0,0
"1079",2014-11-25,21,9,15,12,4,8,7,26,NA,-8,NA,0,0,0,3,0
"1080",2014-11-26,11,2,6,12,3,8,-2,23,NA,-8,NA,2.69,0,0,12,0
"1081",2014-11-27,9,3,6,12,3,8,-2,24,NA,-10,NA,0,0,0,12,0
"1082",2014-11-28,6,1,4,12,3,7,-3,23,NA,-9,NA,0,0,0,14,0
"1083",2014-11-29,9,1,5,11,3,7,-2,24,NA,-10,NA,0,0,0,13,0
"1084",2014-11-30,19,6,12,11,3,7,5,24,NA,-12,NA,0,0,0,6,0
"1085",NA,NA,NA,NA,NA,NA,NA,NA,NA,NA,NA,NA,NA,NA,NA,NA,NA
"1086",2014-12-01,21,8,14,11,2,7,7,24,NA,-10,NA,0.61,0,0,4,0
"1087",2014-12-02,8,3,6,11,2,7,-1,23,NA,-9,NA,1.45,0,0,12,0
"1088",2014-12-03,13,4,8,10,2,6,2,22,NA,-9,NA,0.13,0,0,10,0
"1089",2014-12-04,8,3,6,10,2,6,0,24,NA,-9,NA,0,0,0,12,0
"1090",2014-12-05,7,6,6,10,2,6,0,24,NA,-10,NA,0.03,0,0,12,0
"1091",2014-12-06,12,7,10,10,2,6,4,26,NA,-12,NA,1.22,0,0,8,0
"1092",2014-12-07,10,3,6,10,2,6,0,26,NA,-12,NA,0,0,0,12,0
"1093",2014-12-08,3,2,2,9,1,5,-3,23,NA,-13,NA,0,0,0,16,0
"1094",2014-12-09,8,2,5,9,1,5,0,22,NA,-16,NA,0.84,0,0,13,0
"1095",2014-12-10,11,4,8,9,1,5,3,19,NA,-16,NA,0,0,0,10,0
"1096",2014-12-11,7,2,4,9,1,5,-1,20,NA,-11,NA,0,0,0,14,0
"1097",2014-12-12,8,2,5,9,1,5,0,22,NA,-11,NA,0,0,0,13,0
"1098",2014-12-13,9,-1,4,8,1,5,-1,22,NA,-12,NA,0,0,0,14,0
"1099",2014-12-14,14,1,8,8,0,4,4,21,NA,-14,NA,0,0,0,10,0
"1100",2014-12-15,14,4,9,8,0,4,5,22,NA,-14,NA,0,0,0,9,0
"1101",2014-12-16,10,4,7,8,0,4,3,23,NA,-12,NA,1.02,0,0,11,0
"1102",2014-12-17,14,4,9,8,0,4,5,18,NA,-12,NA,0,0,0,9,0
"1103",2014-12-18,6,3,4,8,0,4,0,23,NA,-12,NA,0,0,0,14,0
"1104",2014-12-19,6,1,4,8,0,4,0,23,NA,-14,NA,0,0,0,14,0
"1105",2014-12-20,4,-1,2,7,0,3,-1,19,NA,-17,NA,0,0,0,16,0
"1106",2014-12-21,7,1,4,7,0,3,1,22,NA,-17,NA,0,0,0,14,0
"1107",2014-12-22,4,1,2,7,-1,3,-1,NA,NA,-16,NA,0.61,0,0,16,0
"1108",2014-12-23,9,4,6,7,-1,3,3,22,NA,-14,NA,0.13,0,0,12,0
"1109",2014-12-24,15,8,12,7,-1,3,9,22,NA,-15,NA,2.24,0,0,6,0
"1110",2014-12-25,16,8,12,7,-1,3,9,22,NA,-16,NA,0.3,0,0,6,0
"1111",2014-12-26,11,2,6,7,-1,3,3,22,NA,-16,NA,0,0,0,12,0
"1112",2014-12-27,16,2,9,7,-1,3,6,22,NA,-17,NA,0,0,0,9,0
"1113",2014-12-28,14,7,10,7,-1,3,7,24,NA,-12,NA,0.2,0,0,8,0
"1114",2014-12-29,9,6,8,7,-1,3,5,24,NA,-17,NA,0.13,0,0,10,0
"1115",2014-12-30,7,-1,3,7,-1,3,0,21,NA,-22,NA,0,0,0,15,0
"1116",2014-12-31,4,-2,1,6,-1,2,-1,21,NA,-25,NA,0,0,0,17,0
"1117",2015-01-01,8,-3,2,6,-1,2,0,21,NA,-26,NA,0,0,0,16,0
"1118",2015-01-02,9,2,6,6,-2,2,4,22,NA,-18,NA,0,0,0,12,0
"1119",2015-01-03,6,1,4,6,-2,2,2,20,NA,-21,NA,1.27,0,0,14,0
"1120",2015-01-04,19,6,12,6,-2,2,10,23,NA,-19,NA,0.51,0,0,6,0
"1121",2015-01-05,11,-2,4,6,-2,2,2,22,NA,-19,NA,0,0,0,14,0
"1122",2015-01-06,0,-4,-2,6,-2,2,-4,23,NA,-17,NA,0.51,61,25,20,0
"1123",2015-01-07,-1,-9,-5,6,-2,2,-7,24,NA,-15,NA,0,0,51,23,0
"1124",2015-01-08,-3,-11,-7,6,-2,2,-9,23,NA,-18,NA,0,0,51,25,0
"1125",2015-01-09,6,-3,2,6,-2,2,0,24,NA,-16,NA,0,0,25,16,0
"1126",2015-01-10,-1,-7,-4,6,-2,2,-6,21,NA,-19,NA,0,0,0,22,0
"1127",2015-01-11,6,-6,0,6,-2,2,-2,24,NA,-17,NA,0,0,0,18,0
"1128",2015-01-12,6,2,4,6,-2,2,2,24,NA,-16,NA,1.91,0,0,14,0
"1129",2015-01-13,6,-2,2,6,-2,2,0,24,NA,-22,NA,0,0,0,16,0
"1130",2015-01-14,1,-3,-1,6,-2,2,-3,24,NA,-25,NA,0,5.1,0,19,0
"1131",2015-01-15,6,0,3,6,-2,2,1,25,NA,-16,NA,0,0,0,15,0
"1132",2015-01-16,9,-3,3,6,-2,2,1,23,NA,-17,NA,0,0,0,15,0
"1133",2015-01-17,4,-2,1,6,-2,2,-1,22,NA,-21,NA,0,0,0,17,0
"1134",2015-01-18,7,1,4,6,-2,2,2,21,NA,-21,NA,1.52,0,0,14,0
"1135",2015-01-19,10,1,6,6,-2,2,4,22,NA,-20,NA,0,0,0,12,0
"1136",2015-01-20,10,-1,4,6,-2,2,2,21,NA,-19,NA,0,0,0,14,0
"1137",2015-01-21,4,1,2,6,-2,2,0,21,NA,-20,NA,0.2,9.9,0,16,0
"1138",2015-01-22,9,2,6,6,-2,2,4,24,NA,-17,NA,0,0,0,12,0
"1139",2015-01-23,6,-1,2,6,-2,2,0,22,NA,-18,NA,1.65,0,0,16,0
"1140",2015-01-24,7,3,5,6,-2,2,3,23,NA,-16,NA,1.22,0,0,13,0
"1141",2015-01-25,11,2,6,7,-2,2,4,24,NA,-16,NA,0,0,0,12,0
"1142",2015-01-26,8,-2,3,7,-2,2,1,26,NA,-15,NA,0.53,13,0,15,0
"1143",2015-01-27,3,-1,1,7,-2,2,-1,24,NA,-14,NA,0.03,3,0,17,0
"1144",2015-01-28,4,-4,0,7,-2,2,-2,23,NA,-19,NA,0,0,0,18,0
"1145",2015-01-29,4,-3,0,7,-2,2,-2,24,NA,-17,NA,0.13,0,0,18,0
"1146",2015-01-30,6,-5,0,7,-2,2,-2,25,NA,-21,NA,0,0,0,18,0
"1147",2015-01-31,2,-7,-2,7,-2,3,-5,22,NA,-19,NA,0,0,0,20,0
"1148",2015-02-01,7,-3,2,7,-2,3,-1,25,NA,-14,NA,0.1,0,0,16,0
"1149",2015-02-02,10,-3,4,7,-2,3,1,22,NA,-17,NA,0.23,0,0,14,0
"1150",2015-02-03,4,-4,0,7,-2,3,-3,18,NA,-18,NA,0,0,0,18,0
"1151",2015-02-04,13,-2,6,7,-1,3,3,21,NA,-17,NA,0,0,0,12,0
"1152",2015-02-05,7,-6,0,7,-1,3,-3,21,NA,-23,NA,0,0,0,18,0
"1153",2015-02-06,3,-8,-2,7,-1,3,-5,23,NA,-17,NA,0,0,0,20,0
"1154",2015-02-07,10,-3,4,7,-1,3,1,18,NA,-16,NA,0,0,0,14,0
"1155",2015-02-08,20,2,11,8,-1,3,8,20,NA,-18,NA,0,0,0,7,0
"1156",2015-02-09,7,1,4,8,-1,3,1,21,NA,-22,NA,0.18,0,0,14,0
"1157",2015-02-10,4,1,2,8,-1,3,-1,20,NA,-22,NA,0.05,0,0,16,0
"1158",2015-02-11,8,-2,3,8,-1,3,0,24,NA,-26,NA,0,0,0,15,0
"1159",2015-02-12,7,-7,0,8,-1,3,-3,23,NA,-16,NA,0,0,0,18,0
"1160",2015-02-13,-1,-9,-5,8,-1,4,-9,22,NA,-17,NA,0,0,0,23,0
"1161",2015-02-14,7,-8,0,8,-1,4,-4,23,NA,-16,NA,0,3,0,18,0
"1162",2015-02-15,-6,-12,-9,8,-1,4,-13,25,NA,-21,NA,0,0,0,27,0
"1163",2015-02-16,-7,-12,-10,8,-1,4,-14,24,NA,-15,NA,0.74,73.9,0,28,0
"1164",2015-02-17,-1,-8,-4,9,0,4,-8,26,NA,-15,NA,0.58,46,127,22,0
"1165",2015-02-18,1,-11,-5,9,0,4,-9,25,NA,-16,NA,0,3,102,23,0
"1166",2015-02-19,-6,-12,-9,9,0,4,-13,23,NA,-16,NA,0,3,102,27,0
"1167",2015-02-20,-6,-15,-10,9,0,4,-14,24,NA,-15,NA,0,0,102,28,0
"1168",2015-02-21,2,-10,-4,9,0,5,-9,24,NA,-14,NA,1.78,66,76,22,0
"1169",2015-02-22,10,2,6,9,0,5,1,25,NA,-13,NA,0.25,0,102,12,0
"1170",2015-02-23,5,-7,-1,9,0,5,-6,26,NA,-12,NA,0,0,25,19,0
"1171",2015-02-24,-1,-10,-6,10,0,5,-11,26,NA,-17,NA,0,0,0,24,0
"1172",2015-02-25,6,-6,0,10,0,5,-5,29,NA,-18,NA,0,0,0,18,0
"1173",2015-02-26,4,-1,2,10,0,5,-3,23,NA,-11,NA,0.36,55.9,0,16,0
"1174",2015-02-27,2,-4,-1,10,1,5,-6,25,NA,-13,NA,0,0,0,19,0
"1175",2015-02-28,1,-7,-3,10,1,5,-8,28,NA,-18,NA,0,0,0,21,0
"1176",NA,NA,NA,NA,NA,NA,NA,NA,NA,NA,NA,NA,NA,NA,NA,NA,NA
"1177",NA,NA,NA,NA,NA,NA,NA,NA,NA,NA,NA,NA,NA,NA,NA,NA,NA
"1178",NA,NA,NA,NA,NA,NA,NA,NA,NA,NA,NA,NA,NA,NA,NA,NA,NA
"1179",2015-03-01,1,-4,-2,10,1,6,-8,27,NA,-11,NA,1.3,3,0,20,0
"1180",2015-03-02,8,1,4,11,1,6,-2,25,NA,-11,NA,0,0,0,14,0
"1181",2015-03-03,5,-1,2,11,1,6,-4,26,NA,-12,NA,0.1,0,0,16,0
"1182",2015-03-04,11,4,8,11,1,6,2,28,NA,-16,NA,0.86,0,0,10,0
"1183",2015-03-05,7,-5,1,11,1,6,-5,28,NA,-14,NA,2.21,121.9,0,17,0
"1184",2015-03-06,-1,-9,-5,11,2,6,-11,27,NA,-12,NA,0,0,127,23,0
"1185",2015-03-07,9,-7,1,12,2,7,-6,25,NA,-11,NA,0,0,102,17,0
"1186",2015-03-08,15,0,8,12,2,7,1,29,NA,-10,NA,0,0,25,10,0
"1187",2015-03-09,17,3,10,12,2,7,3,27,NA,-9,NA,0,0,0,8,0
"1188",2015-03-10,10,4,7,12,2,7,0,26,NA,-10,NA,1.12,0,0,11,0
"1189",2015-03-11,19,8,14,12,2,7,7,26,NA,-9,NA,0,0,0,4,0
"1190",2015-03-12,16,6,11,12,2,7,4,32,NA,-12,NA,0,0,0,7,0
"1191",2015-03-13,13,3,8,13,3,8,0,31,NA,-10,NA,0.03,0,0,10,0
"1192",2015-03-14,16,7,12,13,3,8,4,30,NA,-11,NA,1.52,0,0,6,0
"1193",2015-03-15,14,7,10,13,3,8,2,28,NA,-9,NA,0,0,0,8,0
"1194",2015-03-16,21,3,12,13,3,8,4,30,NA,-10,NA,0,0,0,6,0
"1195",2015-03-17,23,4,14,13,3,8,6,31,NA,-11,NA,0,0,0,4,0
"1196",2015-03-18,12,2,7,14,3,8,-1,27,NA,-11,NA,0,0,0,11,0
"1197",2015-03-19,12,4,8,14,3,9,-1,29,NA,-11,NA,0,0,0,10,0
"1198",2015-03-20,8,2,5,14,4,9,-4,28,NA,-11,NA,1.24,0,0,13,0
"1199",2015-03-21,16,2,9,14,4,9,0,32,NA,-12,NA,0,0,0,9,0
"1200",2015-03-22,13,7,10,14,4,9,1,32,NA,-8,NA,0,0,0,8,0
"1201",2015-03-23,11,2,6,15,4,9,-3,34,NA,-9,NA,0,0,0,12,0
"1202",2015-03-24,8,3,6,15,4,10,-4,29,NA,-8,NA,0,0,0,12,0
"1203",2015-03-25,12,2,7,15,5,10,-3,29,NA,-7,NA,0,0,0,11,0
"1204",2015-03-26,25,9,17,15,5,10,7,31,NA,-5,NA,0.89,0,0,1,0
"1205",2015-03-27,11,5,8,15,5,10,-2,30,NA,-7,NA,0.91,0,0,10,0
"1206",2015-03-28,6,-1,2,16,5,10,-8,29,NA,-6,NA,0,0,0,16,0
"1207",2015-03-29,9,-2,4,16,5,11,-7,33,NA,-8,NA,0,0,0,14,0
"1208",2015-03-30,19,6,12,16,5,11,1,31,NA,-6,NA,0.05,0,0,6,0
"1209",2015-03-31,23,6,14,16,6,11,3,29,NA,-6,NA,0.03,0,0,4,0
"1210",2015-04-01,16,4,10,16,6,11,-1,31,NA,-9,NA,0,0,0,8,0
"1211",2015-04-02,23,6,14,17,6,11,3,32,NA,-5,NA,0,0,0,4,0
"1212",2015-04-03,23,16,20,17,6,12,8,31,NA,-3,NA,0.48,0,0,0,2
"1213",2015-04-04,20,7,14,17,6,12,2,29,NA,-3,NA,0.13,0,0,4,0
"1214",2015-04-05,21,4,12,17,7,12,0,30,NA,-4,NA,0,0,0,6,0
"1215",2015-04-06,25,9,17,17,7,12,5,33,NA,-3,NA,0,0,0,1,0
"1216",2015-04-07,23,12,18,18,7,12,6,34,NA,-4,NA,0.43,0,0,0,0
"1217",2015-04-08,12,7,10,18,7,12,-2,34,NA,-2,NA,0.33,0,0,8,0
"1218",2015-04-09,10,7,8,18,7,13,-5,32,NA,-2,NA,0.1,0,0,10,0
"1219",2015-04-10,20,7,14,18,7,13,1,33,NA,-2,NA,0.03,0,0,4,0
"1220",2015-04-11,20,11,16,18,8,13,3,33,NA,-3,NA,0,0,0,2,0
"1221",2015-04-12,21,6,14,19,8,13,1,32,NA,-4,NA,0,0,0,4,0
"1222",2015-04-13,27,11,19,19,8,13,6,32,NA,-3,NA,0,0,0,0,1
"1223",2015-04-14,19,12,16,19,8,14,2,33,NA,-4,NA,1.63,0,0,2,0
"1224",2015-04-15,20,11,16,19,8,14,2,32,NA,-2,NA,0,0,0,2,0
"1225",2015-04-16,23,11,17,19,8,14,3,33,NA,-2,NA,0.1,0,0,1,0
"1226",2015-04-17,26,15,20,20,9,14,6,35,NA,-3,NA,0.08,0,0,0,2
"1227",2015-04-18,29,16,22,20,9,14,8,35,NA,-4,NA,0,0,0,0,4
"1228",2015-04-19,21,13,17,20,9,14,3,34,NA,-6,NA,0.94,0,0,1,0
"1229",2015-04-20,28,14,21,20,9,15,6,34,NA,-2,NA,1.96,0,0,0,3
"1230",2015-04-21,22,12,17,20,9,15,2,32,NA,-1,NA,0.41,0,0,1,0
"1231",2015-04-22,23,11,17,20,10,15,2,34,NA,-1,NA,0,0,0,1,0
"1232",2015-04-23,16,7,12,21,10,15,-3,35,NA,1,NA,0,0,0,6,0
"1233",2015-04-24,17,4,10,21,10,15,-5,34,NA,1,NA,0,0,0,8,0
"1234",2015-04-25,12,7,10,21,10,15,-5,34,NA,0,NA,0.69,0,0,8,0
"1235",2015-04-26,19,7,13,21,10,16,-3,34,NA,1,NA,0,0,0,5,0
"1236",2015-04-27,17,8,12,21,10,16,-4,35,NA,3,NA,0,0,0,6,0
"1237",2015-04-28,22,9,16,21,10,16,0,33,NA,1,NA,0,0,0,2,0
"1238",2015-04-29,26,11,18,22,11,16,2,33,NA,-1,NA,0,0,0,0,0
"1239",2015-04-30,23,13,18,22,11,16,2,33,NA,1,NA,1.37,0,0,0,0
"1240",NA,NA,NA,NA,NA,NA,NA,NA,NA,NA,NA,NA,NA,NA,NA,NA,NA
"1241",2015-05-01,18,12,15,22,11,16,-1,34,NA,1,NA,0.28,0,0,3,0
"1242",2015-05-02,26,11,18,22,11,17,1,32,NA,2,NA,0,0,0,0,0
"1243",2015-05-03,29,13,21,22,11,17,4,33,NA,2,NA,0,0,0,0,3
"1244",2015-05-04,29,13,21,22,12,17,4,34,NA,4,NA,0,0,0,0,3
"1245",2015-05-05,30,18,24,22,12,17,7,34,NA,4,NA,0.13,0,0,0,6
"1246",2015-05-06,28,18,23,23,12,17,6,34,NA,3,NA,0,0,0,0,5
"1247",2015-05-07,27,17,22,23,12,17,5,35,NA,3,NA,0,0,0,0,4
"1248",2015-05-08,29,18,24,23,12,18,6,33,NA,4,NA,0,0,0,0,6
"1249",2015-05-09,28,18,23,23,12,18,5,36,NA,1,NA,0,0,0,0,5
"1250",2015-05-10,29,21,25,23,13,18,7,35,NA,2,NA,0,0,0,0,7
"1251",2015-05-11,28,22,25,23,13,18,7,34,NA,1,NA,0,0,0,0,7
"1252",2015-05-12,32,22,27,23,13,18,9,34,NA,3,NA,0,0,0,0,9
"1253",2015-05-13,22,13,18,24,13,18,0,35,NA,4,NA,0,0,0,0,0
"1254",2015-05-14,23,12,18,24,13,18,0,34,NA,5,NA,0,0,0,0,0
"1255",2015-05-15,26,14,20,24,13,19,1,34,NA,4,NA,0,0,0,0,2
"1256",2015-05-16,31,19,25,24,14,19,6,34,NA,3,NA,1.68,0,0,0,7
"1257",2015-05-17,31,21,26,24,14,19,7,33,NA,4,NA,0,0,0,0,8
"1258",2015-05-18,33,22,28,24,14,19,9,36,NA,4,NA,1.93,0,0,0,10
"1259",2015-05-19,32,22,27,24,14,19,8,36,NA,6,NA,0,0,0,0,9
"1260",2015-05-20,24,17,20,25,14,19,1,36,NA,6,NA,0,0,0,0,2
"1261",2015-05-21,17,12,14,25,14,20,-6,35,NA,5,NA,0.84,0,0,4,0
"1262",2015-05-22,26,11,18,25,15,20,-2,36,NA,4,NA,0,0,0,0,0
"1263",2015-05-23,24,12,18,25,15,20,-2,36,NA,7,NA,0,0,0,0,0
"1264",2015-05-24,28,14,21,25,15,20,1,33,NA,5,NA,0,0,0,0,3
"1265",2015-05-25,29,19,24,25,15,20,4,34,NA,6,NA,0,0,0,0,6
"1266",2015-05-26,31,21,26,26,15,21,5,36,NA,6,NA,0,0,0,0,8
"1267",2015-05-27,32,24,28,26,16,21,7,35,NA,6,NA,0.03,0,0,0,10
"1268",2015-05-28,33,23,28,26,16,21,7,36,NA,6,NA,0,0,0,0,10
"1269",2015-05-29,31,23,27,26,16,21,6,36,NA,5,NA,0,0,0,0,9
"1270",2015-05-30,32,22,27,26,16,21,6,37,NA,7,NA,0,0,0,0,9
"1271",2015-05-31,33,23,28,26,16,21,7,37,NA,7,NA,0,0,0,0,10
"1272",2015-06-01,33,22,28,27,17,22,6,37,NA,7,NA,6.32,0,0,0,10
"1273",2015-06-02,22,16,19,27,17,22,-3,36,NA,6,NA,1.17,0,0,0,1
"1274",2015-06-03,18,15,16,27,17,22,-6,37,NA,7,NA,0.03,0,0,2,0
"1275",2015-06-04,18,15,16,27,17,22,-6,37,NA,8,NA,0.94,0,0,2,0
"1276",2015-06-05,24,16,20,27,17,22,-2,38,NA,9,NA,0.08,0,0,0,2
"1277",2015-06-06,29,18,24,28,18,22,2,36,NA,8,NA,0,0,0,0,6
"1278",2015-06-07,26,19,22,28,18,23,-1,37,NA,8,NA,0,0,0,0,4
"1279",2015-06-08,31,18,24,28,18,23,1,37,NA,9,NA,1.65,0,0,0,6
"1280",2015-06-09,32,22,27,28,18,23,4,39,NA,7,NA,0,0,0,0,9
"1281",2015-06-10,29,20,24,28,18,23,1,38,NA,8,NA,0,0,0,0,6
"1282",2015-06-11,34,22,28,28,18,23,5,38,NA,7,NA,0,0,0,0,10
"1283",2015-06-12,34,25,30,29,19,24,6,35,NA,10,NA,0.05,0,0,0,12
"1284",2015-06-13,33,24,28,29,19,24,4,36,NA,11,NA,0,0,0,0,10
"1285",2015-06-14,34,26,30,29,19,24,6,37,NA,9,NA,1.32,0,0,0,12
"1286",2015-06-15,34,26,30,29,19,24,6,38,NA,8,NA,0.2,0,0,0,12
"1287",2015-06-16,36,25,30,29,19,24,6,37,NA,10,NA,0,0,0,0,12
"1288",2015-06-17,29,23,26,29,19,24,2,36,NA,10,NA,0.46,0,0,0,8
"1289",2015-06-18,33,22,28,29,20,25,3,37,NA,11,NA,1.35,0,0,0,10
"1290",2015-06-19,32,23,28,30,20,25,3,37,NA,11,NA,0.3,0,0,0,10
"1291",2015-06-20,33,24,28,30,20,25,3,37,NA,12,NA,5.92,0,0,0,10
"1292",2015-06-21,34,24,29,30,20,25,4,37,NA,11,NA,0.08,0,0,0,11
"1293",2015-06-22,34,26,30,30,20,25,5,38,NA,11,NA,0,0,0,0,12
"1294",2015-06-23,36,24,30,30,20,25,5,37,NA,11,NA,2.13,0,0,0,12
"1295",2015-06-24,30,21,26,30,20,25,1,38,NA,8,NA,0,0,0,0,8
"1296",2015-06-25,31,21,26,30,21,26,0,38,NA,12,NA,1.22,0,0,0,8
"1297",2015-06-26,28,21,24,31,21,26,-2,38,NA,13,NA,0,0,0,0,6
"1298",2015-06-27,26,21,24,31,21,26,-2,37,NA,14,NA,6.99,0,0,0,6
"1299",2015-06-28,28,19,24,31,21,26,-2,38,NA,12,NA,0,0,0,0,6
"1300",2015-06-29,29,17,23,31,21,26,-3,40,NA,12,NA,0,0,0,0,5
"1301",2015-06-30,32,22,27,31,21,26,1,38,NA,10,NA,0.03,0,0,0,9
"1302",NA,NA,NA,NA,NA,NA,NA,NA,NA,NA,NA,NA,NA,NA,NA,NA,NA
"1303",2015-07-01,31,21,26,31,21,26,0,39,NA,12,NA,3.3,0,0,0,8
"1304",2015-07-02,25,21,23,31,21,26,-3,38,NA,13,NA,0.05,0,0,0,5
"1305",2015-07-03,28,19,24,31,21,26,-2,38,NA,12,NA,0.08,0,0,0,6
"1306",2015-07-04,29,22,26,31,21,26,0,38,NA,11,NA,2.16,0,0,0,8
"1307",2015-07-05,31,22,26,31,22,26,0,39,NA,12,NA,0,0,0,0,8
"1308",2015-07-06,32,24,28,31,22,26,2,39,NA,14,NA,0.05,0,0,0,10
"1309",2015-07-07,33,24,28,31,22,26,2,41,NA,13,NA,0,0,0,0,10
"1310",2015-07-08,33,26,30,31,22,27,3,39,NA,12,NA,2.84,0,0,0,12
"1311",2015-07-09,33,26,30,31,22,27,3,40,NA,13,NA,0.08,0,0,0,12
"1312",2015-07-10,31,25,28,31,22,27,1,41,NA,12,NA,0,0,0,0,10
"1313",2015-07-11,31,24,28,32,22,27,1,37,NA,12,NA,0.23,0,0,0,10
"1314",2015-07-12,31,21,26,32,22,27,-1,37,NA,12,NA,0,0,0,0,8
"1315",2015-07-13,28,23,26,32,22,27,-1,38,NA,13,NA,0.08,0,0,0,8
"1316",2015-07-14,32,24,28,32,22,27,1,38,NA,13,NA,0,0,0,0,10
"1317",2015-07-15,31,22,26,32,22,27,-1,38,NA,13,NA,0.03,0,0,0,8
"1318",2015-07-16,31,19,25,32,22,27,-2,40,NA,13,NA,0,0,0,0,7
"1319",2015-07-17,29,22,26,32,22,27,-1,39,NA,13,NA,0,0,0,0,8
"1320",2015-07-18,31,25,28,31,22,27,1,39,NA,13,NA,0.1,0,0,0,10
"1321",2015-07-19,37,26,32,31,22,27,5,39,NA,13,NA,0,0,0,0,14
"1322",2015-07-20,36,28,32,31,22,27,5,41,NA,12,NA,0,0,0,0,14
"1323",2015-07-21,33,26,30,31,22,27,3,40,NA,13,NA,0,0,0,0,12
"1324",2015-07-22,32,22,27,31,22,27,0,39,NA,12,NA,0,0,0,0,9
"1325",2015-07-23,31,22,26,31,22,27,-1,39,NA,13,NA,0,0,0,0,8
"1326",2015-07-24,32,21,26,31,22,27,-1,38,NA,14,NA,0,0,0,0,8
"1327",2015-07-25,32,22,27,31,22,27,0,38,NA,14,NA,0,0,0,0,9
"1328",2015-07-26,33,23,28,31,22,27,1,39,NA,12,NA,0,0,0,0,10
"1329",2015-07-27,32,23,28,31,22,26,2,38,NA,13,NA,2.39,0,0,0,10
"1330",2015-07-28,34,25,30,31,22,26,4,38,NA,13,NA,0,0,0,0,12
"1331",2015-07-29,33,26,30,31,22,26,4,40,NA,14,NA,0,0,0,0,12
"1332",2015-07-30,33,26,30,31,22,26,4,37,NA,13,NA,1.35,0,0,0,12
"1333",2015-07-31,33,23,28,31,22,26,2,39,NA,11,NA,0,0,0,0,10
"1334",2015-08-01,33,23,28,31,22,26,2,38,NA,12,NA,0,0,0,0,10
"1335",2015-08-02,33,23,28,31,22,26,2,38,NA,13,NA,0,0,0,0,10
"1336",2015-08-03,34,22,28,31,22,26,2,38,NA,13,NA,0,0,0,0,10
"1337",2015-08-04,36,24,30,31,22,26,4,39,NA,12,NA,0.1,0,0,0,12
"1338",2015-08-05,34,24,29,31,22,26,3,39,NA,12,NA,0,0,0,0,11
"1339",2015-08-06,29,24,26,31,22,26,0,41,NA,12,NA,0,0,0,0,8
"1340",2015-08-07,28,21,24,31,22,26,-2,40,NA,14,NA,0.13,0,0,0,6
"1341",2015-08-08,31,23,27,31,21,26,1,39,NA,12,NA,0,0,0,0,9
"1342",2015-08-09,32,22,27,31,21,26,1,39,NA,14,NA,0,0,0,0,9
"1343",2015-08-10,26,22,24,31,21,26,-2,37,NA,13,NA,0.38,0,0,0,6
"1344",2015-08-11,32,23,28,31,21,26,2,38,NA,13,NA,0.86,0,0,0,10
"1345",2015-08-12,29,21,25,31,21,26,-1,37,NA,13,NA,0,0,0,0,7
"1346",2015-08-13,29,20,24,31,21,26,-2,38,NA,13,NA,0,0,0,0,6
"1347",2015-08-14,31,18,24,31,21,26,-2,37,NA,13,NA,0,0,0,0,6
"1348",2015-08-15,32,20,26,30,21,26,0,39,NA,11,NA,0,0,0,0,8
"1349",2015-08-16,34,21,28,30,21,26,2,39,NA,12,NA,0,0,0,0,10
"1350",2015-08-17,36,22,29,30,21,26,3,41,NA,11,NA,0,0,0,0,11
"1351",2015-08-18,32,23,28,30,21,26,2,37,NA,12,NA,0,0,0,0,10
"1352",2015-08-19,33,25,29,30,21,26,3,37,NA,12,NA,0,0,0,0,11
"1353",2015-08-20,30,23,26,30,21,26,0,38,NA,10,NA,0.43,0,0,0,8
"1354",2015-08-21,30,22,26,30,21,25,1,38,NA,12,NA,0,0,0,0,8
"1355",2015-08-22,30,18,24,30,21,25,-1,37,NA,11,NA,0,0,0,0,6
"1356",2015-08-23,29,18,24,30,21,25,-1,37,NA,11,NA,0,0,0,0,6
"1357",2015-08-24,33,22,28,30,21,25,3,37,NA,9,NA,1.04,0,0,0,10
"1358",2015-08-25,29,21,25,30,20,25,0,36,NA,12,NA,0,0,0,0,7
"1359",2015-08-26,28,19,24,30,20,25,-1,36,NA,12,NA,0,0,0,0,6
"1360",2015-08-27,28,17,22,30,20,25,-3,38,NA,11,NA,0,0,0,0,4
"1361",2015-08-28,28,18,23,29,20,25,-2,37,NA,10,NA,0,0,0,0,5
"1362",2015-08-29,32,19,26,29,20,25,1,37,NA,9,NA,0,0,0,0,8
"1363",2015-08-30,31,21,26,29,20,25,1,37,NA,10,NA,0,0,0,0,8
"1364",2015-08-31,31,23,27,29,20,24,3,38,NA,9,NA,0,0,0,0,9
"1365",2015-09-01,35,22,28,29,20,24,4,37,NA,10,NA,0,0,0,0,10
"1366",2015-09-02,34,24,29,29,19,24,5,38,NA,10,NA,0,0,0,0,11
"1367",2015-09-03,36,23,30,29,19,24,6,37,NA,9,NA,0,0,0,0,12
"1368",2015-09-04,33,24,28,29,19,24,4,35,NA,9,NA,0,0,0,0,10
"1369",2015-09-05,30,23,26,28,19,24,2,36,NA,10,NA,0,0,0,0,8
"1370",2015-09-06,31,20,26,28,19,24,2,37,NA,8,NA,0,0,0,0,8
"1371",2015-09-07,32,21,26,28,19,23,3,40,NA,8,NA,0,0,0,0,8
"1372",2015-09-08,33,22,28,28,18,23,5,38,NA,11,NA,0,0,0,0,10
"1373",2015-09-09,34,24,29,28,18,23,6,37,NA,9,NA,0,0,0,0,11
"1374",2015-09-10,29,21,25,28,18,23,2,37,NA,7,NA,0.28,0,0,0,7
"1375",2015-09-11,31,18,24,27,18,23,1,37,NA,4,NA,0,0,0,0,6
"1376",2015-09-12,24,19,22,27,18,22,0,36,NA,5,NA,0.41,0,0,0,4
"1377",2015-09-13,23,16,20,27,18,22,-2,34,NA,7,NA,0,0,0,0,2
"1378",2015-09-14,27,13,20,27,17,22,-2,34,NA,8,NA,0,0,0,0,2
"1379",2015-09-15,29,16,22,27,17,22,0,36,NA,6,NA,0,0,0,0,4
"1380",2015-09-16,30,16,23,26,17,22,1,36,NA,7,NA,0,0,0,0,5
"1381",2015-09-17,30,17,24,26,17,21,3,36,NA,7,NA,0,0,0,0,6
"1382",2015-09-18,31,18,24,26,16,21,3,33,NA,7,NA,0,0,0,0,6
"1383",2015-09-19,31,19,25,26,16,21,4,36,NA,7,NA,0,0,0,0,7
"1384",2015-09-20,28,20,24,26,16,21,3,34,NA,5,NA,0,0,0,0,6
"1385",2015-09-21,21,17,19,25,16,21,-2,36,NA,5,NA,0.58,0,0,0,1
"1386",2015-09-22,24,17,20,25,16,20,0,37,NA,4,NA,0,0,0,0,2
"1387",2015-09-23,27,16,22,25,15,20,2,37,NA,2,NA,0,0,0,0,4
"1388",2015-09-24,26,16,21,25,15,20,1,37,NA,4,NA,0,0,0,0,3
"1389",2015-09-25,23,17,20,24,15,20,0,35,NA,4,NA,0,0,0,0,2
"1390",2015-09-26,23,18,20,24,15,19,1,36,NA,3,NA,0,0,0,0,2
"1391",2015-09-27,24,17,20,24,14,19,1,35,NA,4,NA,0,0,0,0,2
"1392",2015-09-28,28,19,24,24,14,19,5,33,NA,6,NA,0,0,0,0,6
"1393",2015-09-29,27,22,24,24,14,19,5,34,NA,4,NA,4.19,0,0,0,6
"1394",2015-09-30,26,17,22,23,14,18,4,33,NA,3,NA,0,0,0,0,4
"1395",NA,NA,NA,NA,NA,NA,NA,NA,NA,NA,NA,NA,NA,NA,NA,NA,NA
"1396",2015-10-01,17,14,16,23,13,18,-2,34,NA,2,NA,1.98,0,0,2,0
"1397",2015-10-02,14,10,12,23,13,18,-6,32,NA,1,NA,2.44,0,0,6,0
"1398",2015-10-03,14,10,12,23,13,18,-6,33,NA,2,NA,0.48,0,0,6,0
"1399",2015-10-04,15,12,14,22,13,18,-4,34,NA,1,NA,0,0,0,4,0
"1400",2015-10-05,21,11,16,22,13,17,-1,36,NA,3,NA,0,0,0,2,0
"1401",2015-10-06,25,10,18,22,12,17,1,34,NA,2,NA,0,0,0,0,0
"1402",2015-10-07,26,14,20,22,12,17,3,34,NA,1,NA,0,0,0,0,2
"1403",2015-10-08,26,14,20,22,12,17,3,33,NA,2,NA,0,0,0,0,2
"1404",2015-10-09,26,17,22,21,12,17,5,34,NA,1,NA,1.02,0,0,0,4
"1405",2015-10-10,19,11,15,21,11,16,-1,33,NA,-1,NA,0,0,0,3,0
"1406",2015-10-11,22,8,15,21,11,16,-1,32,NA,1,NA,0,0,0,3,0
"1407",2015-10-12,24,10,17,21,11,16,1,32,NA,-1,NA,0,0,0,1,0
"1408",2015-10-13,26,15,20,21,11,16,4,32,NA,-1,NA,0,0,0,0,2
"1409",2015-10-14,22,13,18,21,11,16,2,31,NA,0,NA,0,0,0,0,0
"1410",2015-10-15,20,12,16,20,10,15,1,31,NA,0,NA,0,0,0,2,0
"1411",2015-10-16,19,11,15,20,10,15,0,32,NA,-1,NA,0,0,0,3,0
"1412",2015-10-17,16,7,12,20,10,15,-3,30,NA,1,NA,0,0,0,6,0
"1413",2015-10-18,12,3,8,20,10,15,-7,29,NA,1,NA,0,0,0,10,0
"1414",2015-10-19,13,3,8,20,10,15,-7,31,NA,-1,NA,0,0,0,10,0
"1415",2015-10-20,20,7,14,19,9,14,0,30,NA,-1,NA,0,0,0,4,0
"1416",2015-10-21,23,9,16,19,9,14,2,29,NA,-1,NA,0,0,0,2,0
"1417",2015-10-22,24,10,17,19,9,14,3,29,NA,-2,NA,0,0,0,1,0
"1418",2015-10-23,21,11,16,19,9,14,2,29,NA,1,NA,0,0,0,2,0
"1419",2015-10-24,17,8,12,19,9,14,-2,29,NA,-2,NA,0,0,0,6,0
"1420",2015-10-25,22,12,17,19,9,14,3,27,NA,-1,NA,0.08,0,0,1,0
"1421",2015-10-26,16,8,12,18,8,13,-1,28,NA,-2,NA,0,0,0,6,0
"1422",2015-10-27,15,7,11,18,8,13,-2,28,NA,-1,NA,0,0,0,7,0
"1423",2015-10-28,21,13,17,18,8,13,4,31,NA,-3,NA,1.65,0,0,1,0
"1424",2015-10-29,23,13,18,18,8,13,5,28,NA,-1,NA,0.08,0,0,0,0
"1425",2015-10-30,16,8,12,18,8,13,-1,28,NA,-3,NA,0,0,0,6,0
"1426",2015-10-31,16,6,11,18,8,13,-2,29,NA,-3,NA,0,0,0,7,0
"1427",2015-11-01,18,12,15,17,7,12,3,30,NA,-3,NA,0.1,0,0,3,0
"1428",2015-11-02,19,11,15,17,7,12,3,29,NA,-2,NA,0,0,0,3,0
"1429",2015-11-03,22,8,15,17,7,12,3,27,NA,-2,NA,0,0,0,3,0
"1430",2015-11-04,24,9,16,17,7,12,4,29,NA,-3,NA,0.05,0,0,2,0
"1431",2015-11-05,22,14,18,17,7,12,6,27,NA,-7,NA,0.38,0,0,0,0
"1432",2015-11-06,27,16,22,16,7,12,10,27,NA,-3,NA,0,0,0,0,4
"1433",2015-11-07,22,12,17,16,7,11,6,25,NA,-3,NA,0.28,0,0,1,0
"1434",2015-11-08,14,7,10,16,6,11,-1,27,NA,-3,NA,0,0,0,8,0
"1435",2015-11-09,12,5,8,16,6,11,-3,26,NA,-3,NA,1.35,0,0,10,0
"1436",2015-11-10,16,11,14,16,6,11,3,24,NA,-3,NA,0.61,0,0,4,0
"1437",2015-11-11,18,11,14,15,6,11,3,26,NA,-3,NA,0,0,0,4,0
"1438",2015-11-12,19,9,14,15,6,10,4,25,NA,-4,NA,0.03,0,0,4,0
"1439",2015-11-13,17,9,13,15,6,10,3,27,NA,-6,NA,0,0,0,5,0
"1440",2015-11-14,13,5,9,15,5,10,-1,25,NA,-7,NA,0,0,0,9,0
"1441",2015-11-15,18,2,10,15,5,10,0,28,NA,-7,NA,0,0,0,8,0
"1442",2015-11-16,21,6,14,14,5,10,4,24,NA,-7,NA,0,0,0,4,0
"1443",2015-11-17,16,8,12,14,5,10,2,25,NA,-8,NA,0,0,0,6,0
"1444",2015-11-18,18,8,13,14,5,9,4,27,NA,-6,NA,0,0,0,5,0
"1445",2015-11-19,18,15,16,14,5,9,7,25,NA,-8,NA,1.6,0,0,2,0
"1446",2015-11-20,16,6,11,13,4,9,2,26,NA,-7,NA,0,0,0,7,0
"1447",2015-11-21,13,3,8,13,4,9,-1,26,NA,-8,NA,0,0,0,10,0
"1448",2015-11-22,9,3,6,13,4,8,-2,25,NA,-11,NA,0,0,0,12,0
"1449",2015-11-23,6,0,3,13,4,8,-5,24,NA,-11,NA,0,0,0,15,0
"1450",2015-11-24,13,1,7,12,4,8,-1,23,NA,-11,NA,0,0,0,11,0
"1451",2015-11-25,14,3,8,12,4,8,0,26,NA,-8,NA,0,0,0,10,0
"1452",2015-11-26,18,4,11,12,3,8,3,23,NA,-8,NA,0,0,0,7,0
"1453",2015-11-27,18,6,12,12,3,8,4,24,NA,-10,NA,0,0,0,6,0
"1454",2015-11-28,18,9,14,12,3,7,7,23,NA,-9,NA,0,0,0,4,0
"1455",2015-11-29,15,7,11,11,3,7,4,24,NA,-10,NA,0.43,0,0,7,0
"1456",2015-11-30,7,4,6,11,3,7,-1,24,NA,-12,NA,0.51,0,0,12,0
"1457",NA,NA,NA,NA,NA,NA,NA,NA,NA,NA,NA,NA,NA,NA,NA,NA,NA
"1458",2015-12-01,9,7,8,11,2,7,1,24,NA,-10,NA,2.16,0,0,10,0
"1459",2015-12-02,15,9,12,11,2,7,5,23,NA,-9,NA,0.56,0,0,6,0
"1460",2015-12-03,12,6,9,10,2,6,3,22,NA,-9,NA,0,0,0,9,0
"1461",2015-12-04,12,2,7,10,2,6,1,24,NA,-9,NA,0,0,0,11,0
"1462",2015-12-05,12,1,6,10,2,6,0,24,NA,-10,NA,0,0,0,12,0
"1463",2015-12-06,11,1,6,10,2,6,0,26,NA,-12,NA,0,0,0,12,0
"1464",2015-12-07,16,2,9,10,2,6,3,26,NA,-12,NA,0,0,0,9,0
"1465",2015-12-08,13,3,8,9,1,5,3,23,NA,-13,NA,0,0,0,10,0
"1466",2015-12-09,9,4,6,9,1,5,1,22,NA,-16,NA,0,0,0,12,0
"1467",2015-12-10,17,5,11,9,1,5,6,19,NA,-16,NA,0,0,0,7,0
"1468",2015-12-11,19,6,12,9,1,5,7,20,NA,-11,NA,0,0,0,6,0
"1469",2015-12-12,20,7,14,9,1,5,9,22,NA,-11,NA,0,0,0,4,0
"1470",2015-12-13,22,9,16,8,1,5,11,22,NA,-12,NA,0,0,0,2,0
"1471",2015-12-14,21,12,16,8,0,4,12,21,NA,-14,NA,0.33,0,0,2,0
"1472",2015-12-15,19,8,14,8,0,4,10,22,NA,-14,NA,0,0,0,4,0
"1473",2015-12-16,14,5,10,8,0,4,6,23,NA,-12,NA,0,0,0,8,0
"1474",2015-12-17,12,8,10,8,0,4,6,18,NA,-12,NA,1.07,0,0,8,0
"1475",2015-12-18,11,2,6,8,0,4,2,23,NA,-12,NA,0,0,0,12,0
"1476",2015-12-19,7,-1,3,8,0,4,-1,23,NA,-14,NA,0,0,0,15,0
"1477",2015-12-20,8,0,4,7,0,3,1,19,NA,-17,NA,0,0,0,14,0
"1478",2015-12-21,14,3,8,7,0,3,5,22,NA,-17,NA,0,0,0,10,0
"1479",2015-12-22,17,11,14,7,-1,3,11,NA,NA,-16,NA,0.36,0,0,4,0
"1480",2015-12-23,19,12,16,7,-1,3,13,22,NA,-14,NA,4.24,0,0,2,0
"1481",2015-12-24,22,16,19,7,-1,3,16,22,NA,-15,NA,0.51,0,0,0,1
"1482",2015-12-25,21,14,18,7,-1,3,15,22,NA,-16,NA,0.76,0,0,0,0
"1483",2015-12-26,16,11,14,7,-1,3,11,22,NA,-16,NA,0.03,0,0,4,0
"1484",2015-12-27,21,11,16,7,-1,3,13,22,NA,-17,NA,0.05,0,0,2,0
"1485",2015-12-28,16,5,10,7,-1,3,7,24,NA,-12,NA,0.58,0,0,8,0
"1486",2015-12-29,12,7,10,7,-1,3,7,24,NA,-17,NA,1.27,0,0,8,0
"1487",2015-12-30,13,9,11,7,-1,3,8,21,NA,-22,NA,0.38,0,0,7,0
"1488",2015-12-31,14,7,10,6,-1,2,8,21,NA,-25,NA,0,0,0,8,0
